"RecordNo";"company";"pos"
1135;"Maœlak";"Aided"
1135;"Go³¹bek";"Aided"
1135;"KoŸlarz";"Aided"
1135;"Nie znam ¿adnych";"Aided"
1135;"Borowik";"Aided"
1135;"Czubajka";"Aided"
1135;"Podgrzybek";"Aided"
1135;"Opieñka";"Aided"
1135;"G¹ska";"Not mentioned"
1135;"Inna_2";"Aided"
1135;"Inna_1";"Aided"
1135;"Inna_8";"Aided"
1135;"Inna_6";"Aided"
1135;"Inna_9";"Aided"
1135;"Inna_4";"Aided"
1135;"Inna_3";"Aided"
1135;"Inna_7";"Aided"
1135;"Inna_5";"Aided"
1135;"Boczniak";"Aided"
1135;"Pieczarka";"Not mentioned"
1150;"Maœlak";"Not mentioned"
1150;"Go³¹bek";"Top of Mind"
1150;"KoŸlarz";"Unaided"
1150;"Nie znam ¿adnych";"Aided"
1150;"Borowik";"Not mentioned"
1150;"Czubajka";"Not mentioned"
1150;"Podgrzybek";"Not mentioned"
1150;"Opieñka";"Aided"
1150;"G¹ska";"Not mentioned"
1150;"Inna_2";"Aided"
1150;"Inna_1";"Aided"
1150;"Inna_8";"Aided"
1150;"Inna_6";"Aided"
1150;"Inna_9";"Aided"
1150;"Inna_4";"Aided"
1150;"Inna_3";"Aided"
1150;"Inna_7";"Aided"
1150;"Inna_5";"Aided"
1150;"Boczniak";"Aided"
1150;"Pieczarka";"Aided"
1151;"Maœlak";"Not mentioned"
1151;"Go³¹bek";"Not mentioned"
1151;"KoŸlarz";"Aided"
1151;"Nie znam ¿adnych";"Aided"
1151;"Borowik";"Not mentioned"
1151;"Czubajka";"Not mentioned"
1151;"Podgrzybek";"Not mentioned"
1151;"Opieñka";"Not mentioned"
1151;"G¹ska";"Not mentioned"
1151;"Inna_2";"Aided"
1151;"Inna_1";"Aided"
1151;"Inna_8";"Aided"
1151;"Inna_6";"Aided"
1151;"Inna_9";"Aided"
1151;"Inna_4";"Aided"
1151;"Inna_3";"Aided"
1151;"Inna_7";"Aided"
1151;"Inna_5";"Aided"
1151;"Boczniak";"Not mentioned"
1151;"Pieczarka";"Aided"
1154;"Maœlak";"Aided"
1154;"Go³¹bek";"Aided"
1154;"KoŸlarz";"Aided"
1154;"Nie znam ¿adnych";"Aided"
1154;"Borowik";"Aided"
1154;"Czubajka";"Aided"
1154;"Podgrzybek";"Aided"
1154;"Opieñka";"Aided"
1154;"G¹ska";"Aided"
1154;"Inna_2";"Aided"
1154;"Inna_1";"Aided"
1154;"Inna_8";"Aided"
1154;"Inna_6";"Aided"
1154;"Inna_9";"Aided"
1154;"Inna_4";"Aided"
1154;"Inna_3";"Aided"
1154;"Inna_7";"Aided"
1154;"Inna_5";"Aided"
1154;"Boczniak";"Aided"
1154;"Pieczarka";"Aided"
1159;"Maœlak";"Aided"
1159;"Go³¹bek";"Aided"
1159;"KoŸlarz";"Aided"
1159;"Nie znam ¿adnych";"Aided"
1159;"Borowik";"Aided"
1159;"Czubajka";"Aided"
1159;"Podgrzybek";"Aided"
1159;"Opieñka";"Aided"
1159;"G¹ska";"Not mentioned"
1159;"Inna_2";"Aided"
1159;"Inna_1";"Aided"
1159;"Inna_8";"Aided"
1159;"Inna_6";"Aided"
1159;"Inna_9";"Aided"
1159;"Inna_4";"Aided"
1159;"Inna_3";"Aided"
1159;"Inna_7";"Aided"
1159;"Inna_5";"Aided"
1159;"Boczniak";"Aided"
1159;"Pieczarka";"Not mentioned"
1167;"Maœlak";"Not mentioned"
1167;"Go³¹bek";"Top of Mind"
1167;"KoŸlarz";"Not mentioned"
1167;"Nie znam ¿adnych";"Aided"
1167;"Borowik";"Unaided"
1167;"Czubajka";"Unaided"
1167;"Podgrzybek";"Not mentioned"
1167;"Opieñka";"Not mentioned"
1167;"G¹ska";"Not mentioned"
1167;"Inna_2";"Aided"
1167;"Inna_1";"Aided"
1167;"Inna_8";"Aided"
1167;"Inna_6";"Aided"
1167;"Inna_9";"Aided"
1167;"Inna_4";"Aided"
1167;"Inna_3";"Aided"
1167;"Inna_7";"Aided"
1167;"Inna_5";"Aided"
1167;"Boczniak";"Aided"
1167;"Pieczarka";"Aided"
1177;"Maœlak";"Not mentioned"
1177;"Go³¹bek";"Top of Mind"
1177;"KoŸlarz";"Unaided"
1177;"Nie znam ¿adnych";"Aided"
1177;"Borowik";"Aided"
1177;"Czubajka";"Aided"
1177;"Podgrzybek";"Not mentioned"
1177;"Opieñka";"Not mentioned"
1177;"G¹ska";"Not mentioned"
1177;"Inna_2";"Aided"
1177;"Inna_1";"Aided"
1177;"Inna_8";"Aided"
1177;"Inna_6";"Aided"
1177;"Inna_9";"Aided"
1177;"Inna_4";"Aided"
1177;"Inna_3";"Aided"
1177;"Inna_7";"Aided"
1177;"Inna_5";"Aided"
1177;"Boczniak";"Aided"
1177;"Pieczarka";"Not mentioned"
1187;"Maœlak";"Not mentioned"
1187;"Go³¹bek";"Aided"
1187;"KoŸlarz";"Aided"
1187;"Nie znam ¿adnych";"Aided"
1187;"Borowik";"Aided"
1187;"Czubajka";"Aided"
1187;"Podgrzybek";"Aided"
1187;"Opieñka";"Not mentioned"
1187;"G¹ska";"Not mentioned"
1187;"Inna_2";"Aided"
1187;"Inna_1";"Aided"
1187;"Inna_8";"Aided"
1187;"Inna_6";"Aided"
1187;"Inna_9";"Aided"
1187;"Inna_4";"Aided"
1187;"Inna_3";"Aided"
1187;"Inna_7";"Aided"
1187;"Inna_5";"Aided"
1187;"Boczniak";"Aided"
1187;"Pieczarka";"Aided"
1191;"Maœlak";"Not mentioned"
1191;"Go³¹bek";"Not mentioned"
1191;"KoŸlarz";"Not mentioned"
1191;"Nie znam ¿adnych";"Aided"
1191;"Borowik";"Not mentioned"
1191;"Czubajka";"Not mentioned"
1191;"Podgrzybek";"Not mentioned"
1191;"Opieñka";"Not mentioned"
1191;"G¹ska";"Not mentioned"
1191;"Inna_2";"Aided"
1191;"Inna_1";"Aided"
1191;"Inna_8";"Aided"
1191;"Inna_6";"Aided"
1191;"Inna_9";"Aided"
1191;"Inna_4";"Aided"
1191;"Inna_3";"Aided"
1191;"Inna_7";"Aided"
1191;"Inna_5";"Aided"
1191;"Boczniak";"Aided"
1191;"Pieczarka";"Aided"
1218;"Maœlak";"Aided"
1218;"Go³¹bek";"Aided"
1218;"KoŸlarz";"Not mentioned"
1218;"Nie znam ¿adnych";"Aided"
1218;"Borowik";"Not mentioned"
1218;"Czubajka";"Not mentioned"
1218;"Podgrzybek";"Not mentioned"
1218;"Opieñka";"Not mentioned"
1218;"G¹ska";"Not mentioned"
1218;"Inna_2";"Aided"
1218;"Inna_1";"Aided"
1218;"Inna_8";"Aided"
1218;"Inna_6";"Aided"
1218;"Inna_9";"Aided"
1218;"Inna_4";"Aided"
1218;"Inna_3";"Aided"
1218;"Inna_7";"Aided"
1218;"Inna_5";"Aided"
1218;"Boczniak";"Aided"
1218;"Pieczarka";"Aided"
1230;"Maœlak";"Aided"
1230;"Go³¹bek";"Aided"
1230;"KoŸlarz";"Aided"
1230;"Nie znam ¿adnych";"Aided"
1230;"Borowik";"Aided"
1230;"Czubajka";"Aided"
1230;"Podgrzybek";"Aided"
1230;"Opieñka";"Aided"
1230;"G¹ska";"Aided"
1230;"Inna_2";"Aided"
1230;"Inna_1";"Aided"
1230;"Inna_8";"Aided"
1230;"Inna_6";"Aided"
1230;"Inna_9";"Aided"
1230;"Inna_4";"Aided"
1230;"Inna_3";"Aided"
1230;"Inna_7";"Aided"
1230;"Inna_5";"Aided"
1230;"Boczniak";"Aided"
1230;"Pieczarka";"Aided"
1234;"Maœlak";"Not mentioned"
1234;"Go³¹bek";"Aided"
1234;"KoŸlarz";"Unaided"
1234;"Nie znam ¿adnych";"Aided"
1234;"Borowik";"Aided"
1234;"Czubajka";"Not mentioned"
1234;"Podgrzybek";"Not mentioned"
1234;"Opieñka";"Not mentioned"
1234;"G¹ska";"Unaided"
1234;"Inna_2";"Aided"
1234;"Inna_1";"Aided"
1234;"Inna_8";"Aided"
1234;"Inna_6";"Aided"
1234;"Inna_9";"Aided"
1234;"Inna_4";"Aided"
1234;"Inna_3";"Aided"
1234;"Inna_7";"Aided"
1234;"Inna_5";"Aided"
1234;"Boczniak";"Aided"
1234;"Pieczarka";"Aided"
1242;"Maœlak";"Aided"
1242;"Go³¹bek";"Aided"
1242;"KoŸlarz";"Aided"
1242;"Nie znam ¿adnych";"Aided"
1242;"Borowik";"Aided"
1242;"Czubajka";"Aided"
1242;"Podgrzybek";"Aided"
1242;"Opieñka";"Aided"
1242;"G¹ska";"Aided"
1242;"Inna_2";"Aided"
1242;"Inna_1";"Aided"
1242;"Inna_8";"Aided"
1242;"Inna_6";"Aided"
1242;"Inna_9";"Aided"
1242;"Inna_4";"Aided"
1242;"Inna_3";"Aided"
1242;"Inna_7";"Aided"
1242;"Inna_5";"Aided"
1242;"Boczniak";"Aided"
1242;"Pieczarka";"Aided"
1253;"Maœlak";"Not mentioned"
1253;"Go³¹bek";"Aided"
1253;"KoŸlarz";"Aided"
1253;"Nie znam ¿adnych";"Aided"
1253;"Borowik";"Unaided"
1253;"Czubajka";"Unaided"
1253;"Podgrzybek";"Aided"
1253;"Opieñka";"Aided"
1253;"G¹ska";"Not mentioned"
1253;"Inna_2";"Aided"
1253;"Inna_1";"Aided"
1253;"Inna_8";"Aided"
1253;"Inna_6";"Aided"
1253;"Inna_9";"Aided"
1253;"Inna_4";"Aided"
1253;"Inna_3";"Aided"
1253;"Inna_7";"Aided"
1253;"Inna_5";"Aided"
1253;"Boczniak";"Aided"
1253;"Pieczarka";"Aided"
1280;"Maœlak";"Aided"
1280;"Go³¹bek";"Aided"
1280;"KoŸlarz";"Not mentioned"
1280;"Nie znam ¿adnych";"Aided"
1280;"Borowik";"Top of Mind"
1280;"Czubajka";"Aided"
1280;"Podgrzybek";"Aided"
1280;"Opieñka";"Aided"
1280;"G¹ska";"Not mentioned"
1280;"Inna_2";"Aided"
1280;"Inna_1";"Aided"
1280;"Inna_8";"Aided"
1280;"Inna_6";"Aided"
1280;"Inna_9";"Aided"
1280;"Inna_4";"Aided"
1280;"Inna_3";"Aided"
1280;"Inna_7";"Aided"
1280;"Inna_5";"Aided"
1280;"Boczniak";"Aided"
1280;"Pieczarka";"Aided"
1301;"Maœlak";"Not mentioned"
1301;"Go³¹bek";"Unaided"
1301;"KoŸlarz";"Top of Mind"
1301;"Nie znam ¿adnych";"Aided"
1301;"Borowik";"Not mentioned"
1301;"Czubajka";"Not mentioned"
1301;"Podgrzybek";"Not mentioned"
1301;"Opieñka";"Not mentioned"
1301;"G¹ska";"Not mentioned"
1301;"Inna_2";"Aided"
1301;"Inna_1";"Aided"
1301;"Inna_8";"Aided"
1301;"Inna_6";"Aided"
1301;"Inna_9";"Aided"
1301;"Inna_4";"Aided"
1301;"Inna_3";"Aided"
1301;"Inna_7";"Aided"
1301;"Inna_5";"Aided"
1301;"Boczniak";"Aided"
1301;"Pieczarka";"Aided"
1311;"Maœlak";"Not mentioned"
1311;"Go³¹bek";"Aided"
1311;"KoŸlarz";"Not mentioned"
1311;"Nie znam ¿adnych";"Aided"
1311;"Borowik";"Aided"
1311;"Czubajka";"Not mentioned"
1311;"Podgrzybek";"Aided"
1311;"Opieñka";"Aided"
1311;"G¹ska";"Not mentioned"
1311;"Inna_2";"Aided"
1311;"Inna_1";"Aided"
1311;"Inna_8";"Aided"
1311;"Inna_6";"Aided"
1311;"Inna_9";"Aided"
1311;"Inna_4";"Aided"
1311;"Inna_3";"Aided"
1311;"Inna_7";"Aided"
1311;"Inna_5";"Aided"
1311;"Boczniak";"Aided"
1311;"Pieczarka";"Aided"
1319;"Maœlak";"Not mentioned"
1319;"Go³¹bek";"Aided"
1319;"KoŸlarz";"Aided"
1319;"Nie znam ¿adnych";"Aided"
1319;"Borowik";"Aided"
1319;"Czubajka";"Unaided"
1319;"Podgrzybek";"Not mentioned"
1319;"Opieñka";"Not mentioned"
1319;"G¹ska";"Aided"
1319;"Inna_2";"Aided"
1319;"Inna_1";"Aided"
1319;"Inna_8";"Aided"
1319;"Inna_6";"Aided"
1319;"Inna_9";"Aided"
1319;"Inna_4";"Aided"
1319;"Inna_3";"Aided"
1319;"Inna_7";"Aided"
1319;"Inna_5";"Aided"
1319;"Boczniak";"Aided"
1319;"Pieczarka";"Not mentioned"
1323;"Maœlak";"Aided"
1323;"Go³¹bek";"Aided"
1323;"KoŸlarz";"Aided"
1323;"Nie znam ¿adnych";"Aided"
1323;"Borowik";"Aided"
1323;"Czubajka";"Aided"
1323;"Podgrzybek";"Aided"
1323;"Opieñka";"Aided"
1323;"G¹ska";"Aided"
1323;"Inna_2";"Aided"
1323;"Inna_1";"Aided"
1323;"Inna_8";"Aided"
1323;"Inna_6";"Aided"
1323;"Inna_9";"Aided"
1323;"Inna_4";"Aided"
1323;"Inna_3";"Aided"
1323;"Inna_7";"Aided"
1323;"Inna_5";"Aided"
1323;"Boczniak";"Aided"
1323;"Pieczarka";"Aided"
1336;"Maœlak";"Aided"
1336;"Go³¹bek";"Aided"
1336;"KoŸlarz";"Aided"
1336;"Nie znam ¿adnych";"Aided"
1336;"Borowik";"Aided"
1336;"Czubajka";"Aided"
1336;"Podgrzybek";"Not mentioned"
1336;"Opieñka";"Not mentioned"
1336;"G¹ska";"Not mentioned"
1336;"Inna_2";"Aided"
1336;"Inna_1";"Aided"
1336;"Inna_8";"Aided"
1336;"Inna_6";"Aided"
1336;"Inna_9";"Aided"
1336;"Inna_4";"Aided"
1336;"Inna_3";"Aided"
1336;"Inna_7";"Aided"
1336;"Inna_5";"Aided"
1336;"Boczniak";"Not mentioned"
1336;"Pieczarka";"Aided"
1344;"Maœlak";"Not mentioned"
1344;"Go³¹bek";"Top of Mind"
1344;"KoŸlarz";"Unaided"
1344;"Nie znam ¿adnych";"Aided"
1344;"Borowik";"Unaided"
1344;"Czubajka";"Not mentioned"
1344;"Podgrzybek";"Aided"
1344;"Opieñka";"Aided"
1344;"G¹ska";"Not mentioned"
1344;"Inna_2";"Aided"
1344;"Inna_1";"Aided"
1344;"Inna_8";"Aided"
1344;"Inna_6";"Aided"
1344;"Inna_9";"Aided"
1344;"Inna_4";"Aided"
1344;"Inna_3";"Aided"
1344;"Inna_7";"Aided"
1344;"Inna_5";"Aided"
1344;"Boczniak";"Aided"
1344;"Pieczarka";"Aided"
1357;"Maœlak";"Not mentioned"
1357;"Go³¹bek";"Aided"
1357;"KoŸlarz";"Aided"
1357;"Nie znam ¿adnych";"Aided"
1357;"Borowik";"Unaided"
1357;"Czubajka";"Aided"
1357;"Podgrzybek";"Aided"
1357;"Opieñka";"Aided"
1357;"G¹ska";"Aided"
1357;"Inna_2";"Aided"
1357;"Inna_1";"Aided"
1357;"Inna_8";"Aided"
1357;"Inna_6";"Aided"
1357;"Inna_9";"Aided"
1357;"Inna_4";"Aided"
1357;"Inna_3";"Aided"
1357;"Inna_7";"Aided"
1357;"Inna_5";"Aided"
1357;"Boczniak";"Aided"
1357;"Pieczarka";"Aided"
1358;"Maœlak";"Not mentioned"
1358;"Go³¹bek";"Aided"
1358;"KoŸlarz";"Not mentioned"
1358;"Nie znam ¿adnych";"Aided"
1358;"Borowik";"Aided"
1358;"Czubajka";"Not mentioned"
1358;"Podgrzybek";"Not mentioned"
1358;"Opieñka";"Not mentioned"
1358;"G¹ska";"Not mentioned"
1358;"Inna_2";"Aided"
1358;"Inna_1";"Aided"
1358;"Inna_8";"Aided"
1358;"Inna_6";"Aided"
1358;"Inna_9";"Aided"
1358;"Inna_4";"Aided"
1358;"Inna_3";"Aided"
1358;"Inna_7";"Aided"
1358;"Inna_5";"Aided"
1358;"Boczniak";"Aided"
1358;"Pieczarka";"Not mentioned"
1360;"Maœlak";"Aided"
1360;"Go³¹bek";"Not mentioned"
1360;"KoŸlarz";"Not mentioned"
1360;"Nie znam ¿adnych";"Aided"
1360;"Borowik";"Not mentioned"
1360;"Czubajka";"Aided"
1360;"Podgrzybek";"Aided"
1360;"Opieñka";"Aided"
1360;"G¹ska";"Aided"
1360;"Inna_2";"Aided"
1360;"Inna_1";"Aided"
1360;"Inna_8";"Aided"
1360;"Inna_6";"Aided"
1360;"Inna_9";"Aided"
1360;"Inna_4";"Aided"
1360;"Inna_3";"Aided"
1360;"Inna_7";"Aided"
1360;"Inna_5";"Aided"
1360;"Boczniak";"Aided"
1360;"Pieczarka";"Aided"
1364;"Maœlak";"Aided"
1364;"Go³¹bek";"Aided"
1364;"KoŸlarz";"Aided"
1364;"Nie znam ¿adnych";"Aided"
1364;"Borowik";"Not mentioned"
1364;"Czubajka";"Not mentioned"
1364;"Podgrzybek";"Aided"
1364;"Opieñka";"Aided"
1364;"G¹ska";"Aided"
1364;"Inna_2";"Aided"
1364;"Inna_1";"Aided"
1364;"Inna_8";"Aided"
1364;"Inna_6";"Aided"
1364;"Inna_9";"Aided"
1364;"Inna_4";"Aided"
1364;"Inna_3";"Aided"
1364;"Inna_7";"Aided"
1364;"Inna_5";"Aided"
1364;"Boczniak";"Aided"
1364;"Pieczarka";"Aided"
1368;"Maœlak";"Aided"
1368;"Go³¹bek";"Aided"
1368;"KoŸlarz";"Aided"
1368;"Nie znam ¿adnych";"Aided"
1368;"Borowik";"Aided"
1368;"Czubajka";"Not mentioned"
1368;"Podgrzybek";"Not mentioned"
1368;"Opieñka";"Not mentioned"
1368;"G¹ska";"Not mentioned"
1368;"Inna_2";"Aided"
1368;"Inna_1";"Aided"
1368;"Inna_8";"Aided"
1368;"Inna_6";"Aided"
1368;"Inna_9";"Aided"
1368;"Inna_4";"Aided"
1368;"Inna_3";"Aided"
1368;"Inna_7";"Aided"
1368;"Inna_5";"Aided"
1368;"Boczniak";"Aided"
1368;"Pieczarka";"Aided"
1371;"Maœlak";"Not mentioned"
1371;"Go³¹bek";"Not mentioned"
1371;"KoŸlarz";"Not mentioned"
1371;"Nie znam ¿adnych";"Aided"
1371;"Borowik";"Not mentioned"
1371;"Czubajka";"Not mentioned"
1371;"Podgrzybek";"Not mentioned"
1371;"Opieñka";"Not mentioned"
1371;"G¹ska";"Not mentioned"
1371;"Inna_2";"Aided"
1371;"Inna_1";"Aided"
1371;"Inna_8";"Aided"
1371;"Inna_6";"Aided"
1371;"Inna_9";"Aided"
1371;"Inna_4";"Aided"
1371;"Inna_3";"Aided"
1371;"Inna_7";"Aided"
1371;"Inna_5";"Aided"
1371;"Boczniak";"Aided"
1371;"Pieczarka";"Aided"
1375;"Maœlak";"Not mentioned"
1375;"Go³¹bek";"Not mentioned"
1375;"KoŸlarz";"Aided"
1375;"Nie znam ¿adnych";"Aided"
1375;"Borowik";"Not mentioned"
1375;"Czubajka";"Aided"
1375;"Podgrzybek";"Aided"
1375;"Opieñka";"Aided"
1375;"G¹ska";"Not mentioned"
1375;"Inna_2";"Aided"
1375;"Inna_1";"Aided"
1375;"Inna_8";"Aided"
1375;"Inna_6";"Aided"
1375;"Inna_9";"Aided"
1375;"Inna_4";"Aided"
1375;"Inna_3";"Aided"
1375;"Inna_7";"Aided"
1375;"Inna_5";"Aided"
1375;"Boczniak";"Aided"
1375;"Pieczarka";"Aided"
1387;"Maœlak";"Unaided"
1387;"Go³¹bek";"Aided"
1387;"KoŸlarz";"Aided"
1387;"Nie znam ¿adnych";"Aided"
1387;"Borowik";"Aided"
1387;"Czubajka";"Aided"
1387;"Podgrzybek";"Unaided"
1387;"Opieñka";"Not mentioned"
1387;"G¹ska";"Unaided"
1387;"Inna_2";"Aided"
1387;"Inna_1";"Aided"
1387;"Inna_8";"Aided"
1387;"Inna_6";"Aided"
1387;"Inna_9";"Aided"
1387;"Inna_4";"Aided"
1387;"Inna_3";"Aided"
1387;"Inna_7";"Aided"
1387;"Inna_5";"Aided"
1387;"Boczniak";"Aided"
1387;"Pieczarka";"Not mentioned"
1393;"Maœlak";"Aided"
1393;"Go³¹bek";"Aided"
1393;"KoŸlarz";"Aided"
1393;"Nie znam ¿adnych";"Aided"
1393;"Borowik";"Unaided"
1393;"Czubajka";"Aided"
1393;"Podgrzybek";"Aided"
1393;"Opieñka";"Not mentioned"
1393;"G¹ska";"Aided"
1393;"Inna_2";"Aided"
1393;"Inna_1";"Aided"
1393;"Inna_8";"Aided"
1393;"Inna_6";"Aided"
1393;"Inna_9";"Aided"
1393;"Inna_4";"Aided"
1393;"Inna_3";"Aided"
1393;"Inna_7";"Aided"
1393;"Inna_5";"Aided"
1393;"Boczniak";"Aided"
1393;"Pieczarka";"Aided"
1403;"Maœlak";"Not mentioned"
1403;"Go³¹bek";"Top of Mind"
1403;"KoŸlarz";"Unaided"
1403;"Nie znam ¿adnych";"Aided"
1403;"Borowik";"Aided"
1403;"Czubajka";"Aided"
1403;"Podgrzybek";"Aided"
1403;"Opieñka";"Not mentioned"
1403;"G¹ska";"Unaided"
1403;"Inna_2";"Aided"
1403;"Inna_1";"Aided"
1403;"Inna_8";"Aided"
1403;"Inna_6";"Aided"
1403;"Inna_9";"Aided"
1403;"Inna_4";"Aided"
1403;"Inna_3";"Aided"
1403;"Inna_7";"Aided"
1403;"Inna_5";"Aided"
1403;"Boczniak";"Aided"
1403;"Pieczarka";"Aided"
1404;"Maœlak";"Not mentioned"
1404;"Go³¹bek";"Aided"
1404;"KoŸlarz";"Not mentioned"
1404;"Nie znam ¿adnych";"Aided"
1404;"Borowik";"Aided"
1404;"Czubajka";"Aided"
1404;"Podgrzybek";"Not mentioned"
1404;"Opieñka";"Not mentioned"
1404;"G¹ska";"Not mentioned"
1404;"Inna_2";"Aided"
1404;"Inna_1";"Aided"
1404;"Inna_8";"Aided"
1404;"Inna_6";"Aided"
1404;"Inna_9";"Aided"
1404;"Inna_4";"Aided"
1404;"Inna_3";"Aided"
1404;"Inna_7";"Aided"
1404;"Inna_5";"Aided"
1404;"Boczniak";"Aided"
1404;"Pieczarka";"Aided"
1412;"Maœlak";"Aided"
1412;"Go³¹bek";"Top of Mind"
1412;"KoŸlarz";"Not mentioned"
1412;"Nie znam ¿adnych";"Aided"
1412;"Borowik";"Not mentioned"
1412;"Czubajka";"Not mentioned"
1412;"Podgrzybek";"Aided"
1412;"Opieñka";"Aided"
1412;"G¹ska";"Not mentioned"
1412;"Inna_2";"Aided"
1412;"Inna_1";"Aided"
1412;"Inna_8";"Aided"
1412;"Inna_6";"Aided"
1412;"Inna_9";"Aided"
1412;"Inna_4";"Aided"
1412;"Inna_3";"Aided"
1412;"Inna_7";"Aided"
1412;"Inna_5";"Aided"
1412;"Boczniak";"Aided"
1412;"Pieczarka";"Not mentioned"
1419;"Maœlak";"Not mentioned"
1419;"Go³¹bek";"Top of Mind"
1419;"KoŸlarz";"Unaided"
1419;"Nie znam ¿adnych";"Aided"
1419;"Borowik";"Unaided"
1419;"Czubajka";"Unaided"
1419;"Podgrzybek";"Not mentioned"
1419;"Opieñka";"Not mentioned"
1419;"G¹ska";"Not mentioned"
1419;"Inna_2";"Aided"
1419;"Inna_1";"Aided"
1419;"Inna_8";"Aided"
1419;"Inna_6";"Aided"
1419;"Inna_9";"Aided"
1419;"Inna_4";"Aided"
1419;"Inna_3";"Aided"
1419;"Inna_7";"Aided"
1419;"Inna_5";"Aided"
1419;"Boczniak";"Aided"
1419;"Pieczarka";"Aided"
1430;"Maœlak";"Unaided"
1430;"Go³¹bek";"Aided"
1430;"KoŸlarz";"Aided"
1430;"Nie znam ¿adnych";"Aided"
1430;"Borowik";"Aided"
1430;"Czubajka";"Unaided"
1430;"Podgrzybek";"Not mentioned"
1430;"Opieñka";"Not mentioned"
1430;"G¹ska";"Top of Mind"
1430;"Inna_2";"Aided"
1430;"Inna_1";"Aided"
1430;"Inna_8";"Aided"
1430;"Inna_6";"Aided"
1430;"Inna_9";"Aided"
1430;"Inna_4";"Aided"
1430;"Inna_3";"Aided"
1430;"Inna_7";"Aided"
1430;"Inna_5";"Aided"
1430;"Boczniak";"Aided"
1430;"Pieczarka";"Not mentioned"
1438;"Maœlak";"Aided"
1438;"Go³¹bek";"Not mentioned"
1438;"KoŸlarz";"Aided"
1438;"Nie znam ¿adnych";"Aided"
1438;"Borowik";"Aided"
1438;"Czubajka";"Aided"
1438;"Podgrzybek";"Not mentioned"
1438;"Opieñka";"Not mentioned"
1438;"G¹ska";"Not mentioned"
1438;"Inna_2";"Aided"
1438;"Inna_1";"Aided"
1438;"Inna_8";"Aided"
1438;"Inna_6";"Aided"
1438;"Inna_9";"Aided"
1438;"Inna_4";"Aided"
1438;"Inna_3";"Aided"
1438;"Inna_7";"Aided"
1438;"Inna_5";"Aided"
1438;"Boczniak";"Not mentioned"
1438;"Pieczarka";"Aided"
1439;"Maœlak";"Not mentioned"
1439;"Go³¹bek";"Aided"
1439;"KoŸlarz";"Not mentioned"
1439;"Nie znam ¿adnych";"Aided"
1439;"Borowik";"Aided"
1439;"Czubajka";"Aided"
1439;"Podgrzybek";"Aided"
1439;"Opieñka";"Aided"
1439;"G¹ska";"Not mentioned"
1439;"Inna_2";"Aided"
1439;"Inna_1";"Aided"
1439;"Inna_8";"Aided"
1439;"Inna_6";"Aided"
1439;"Inna_9";"Aided"
1439;"Inna_4";"Aided"
1439;"Inna_3";"Aided"
1439;"Inna_7";"Aided"
1439;"Inna_5";"Aided"
1439;"Boczniak";"Aided"
1439;"Pieczarka";"Aided"
1440;"Maœlak";"Aided"
1440;"Go³¹bek";"Aided"
1440;"KoŸlarz";"Aided"
1440;"Nie znam ¿adnych";"Aided"
1440;"Borowik";"Aided"
1440;"Czubajka";"Aided"
1440;"Podgrzybek";"Aided"
1440;"Opieñka";"Aided"
1440;"G¹ska";"Aided"
1440;"Inna_2";"Aided"
1440;"Inna_1";"Aided"
1440;"Inna_8";"Aided"
1440;"Inna_6";"Aided"
1440;"Inna_9";"Aided"
1440;"Inna_4";"Aided"
1440;"Inna_3";"Aided"
1440;"Inna_7";"Aided"
1440;"Inna_5";"Aided"
1440;"Boczniak";"Aided"
1440;"Pieczarka";"Aided"
1450;"Maœlak";"Not mentioned"
1450;"Go³¹bek";"Not mentioned"
1450;"KoŸlarz";"Not mentioned"
1450;"Nie znam ¿adnych";"Aided"
1450;"Borowik";"Not mentioned"
1450;"Czubajka";"Not mentioned"
1450;"Podgrzybek";"Not mentioned"
1450;"Opieñka";"Not mentioned"
1450;"G¹ska";"Not mentioned"
1450;"Inna_2";"Aided"
1450;"Inna_1";"Aided"
1450;"Inna_8";"Aided"
1450;"Inna_6";"Aided"
1450;"Inna_9";"Aided"
1450;"Inna_4";"Aided"
1450;"Inna_3";"Aided"
1450;"Inna_7";"Aided"
1450;"Inna_5";"Aided"
1450;"Boczniak";"Aided"
1450;"Pieczarka";"Aided"
1462;"Maœlak";"Not mentioned"
1462;"Go³¹bek";"Unaided"
1462;"KoŸlarz";"Not mentioned"
1462;"Nie znam ¿adnych";"Aided"
1462;"Borowik";"Top of Mind"
1462;"Czubajka";"Aided"
1462;"Podgrzybek";"Not mentioned"
1462;"Opieñka";"Not mentioned"
1462;"G¹ska";"Not mentioned"
1462;"Inna_2";"Aided"
1462;"Inna_1";"Aided"
1462;"Inna_8";"Aided"
1462;"Inna_6";"Aided"
1462;"Inna_9";"Aided"
1462;"Inna_4";"Aided"
1462;"Inna_3";"Aided"
1462;"Inna_7";"Aided"
1462;"Inna_5";"Aided"
1462;"Boczniak";"Aided"
1462;"Pieczarka";"Aided"
1475;"Maœlak";"Aided"
1475;"Go³¹bek";"Aided"
1475;"KoŸlarz";"Unaided"
1475;"Nie znam ¿adnych";"Aided"
1475;"Borowik";"Aided"
1475;"Czubajka";"Not mentioned"
1475;"Podgrzybek";"Not mentioned"
1475;"Opieñka";"Aided"
1475;"G¹ska";"Aided"
1475;"Inna_2";"Aided"
1475;"Inna_1";"Aided"
1475;"Inna_8";"Aided"
1475;"Inna_6";"Aided"
1475;"Inna_9";"Aided"
1475;"Inna_4";"Aided"
1475;"Inna_3";"Aided"
1475;"Inna_7";"Aided"
1475;"Inna_5";"Aided"
1475;"Boczniak";"Aided"
1475;"Pieczarka";"Aided"
1485;"Maœlak";"Not mentioned"
1485;"Go³¹bek";"Aided"
1485;"KoŸlarz";"Aided"
1485;"Nie znam ¿adnych";"Aided"
1485;"Borowik";"Aided"
1485;"Czubajka";"Aided"
1485;"Podgrzybek";"Not mentioned"
1485;"Opieñka";"Not mentioned"
1485;"G¹ska";"Not mentioned"
1485;"Inna_2";"Aided"
1485;"Inna_1";"Aided"
1485;"Inna_8";"Aided"
1485;"Inna_6";"Aided"
1485;"Inna_9";"Aided"
1485;"Inna_4";"Aided"
1485;"Inna_3";"Aided"
1485;"Inna_7";"Aided"
1485;"Inna_5";"Aided"
1485;"Boczniak";"Aided"
1485;"Pieczarka";"Aided"
1486;"Maœlak";"Not mentioned"
1486;"Go³¹bek";"Aided"
1486;"KoŸlarz";"Not mentioned"
1486;"Nie znam ¿adnych";"Aided"
1486;"Borowik";"Aided"
1486;"Czubajka";"Not mentioned"
1486;"Podgrzybek";"Aided"
1486;"Opieñka";"Not mentioned"
1486;"G¹ska";"Not mentioned"
1486;"Inna_2";"Aided"
1486;"Inna_1";"Aided"
1486;"Inna_8";"Aided"
1486;"Inna_6";"Aided"
1486;"Inna_9";"Aided"
1486;"Inna_4";"Aided"
1486;"Inna_3";"Aided"
1486;"Inna_7";"Aided"
1486;"Inna_5";"Aided"
1486;"Boczniak";"Not mentioned"
1486;"Pieczarka";"Aided"
1490;"Maœlak";"Not mentioned"
1490;"Go³¹bek";"Aided"
1490;"KoŸlarz";"Aided"
1490;"Nie znam ¿adnych";"Aided"
1490;"Borowik";"Aided"
1490;"Czubajka";"Not mentioned"
1490;"Podgrzybek";"Not mentioned"
1490;"Opieñka";"Not mentioned"
1490;"G¹ska";"Aided"
1490;"Inna_2";"Aided"
1490;"Inna_1";"Aided"
1490;"Inna_8";"Aided"
1490;"Inna_6";"Aided"
1490;"Inna_9";"Aided"
1490;"Inna_4";"Aided"
1490;"Inna_3";"Aided"
1490;"Inna_7";"Aided"
1490;"Inna_5";"Aided"
1490;"Boczniak";"Aided"
1490;"Pieczarka";"Aided"
1491;"Maœlak";"Not mentioned"
1491;"Go³¹bek";"Top of Mind"
1491;"KoŸlarz";"Unaided"
1491;"Nie znam ¿adnych";"Aided"
1491;"Borowik";"Not mentioned"
1491;"Czubajka";"Not mentioned"
1491;"Podgrzybek";"Not mentioned"
1491;"Opieñka";"Not mentioned"
1491;"G¹ska";"Not mentioned"
1491;"Inna_2";"Aided"
1491;"Inna_1";"Aided"
1491;"Inna_8";"Aided"
1491;"Inna_6";"Aided"
1491;"Inna_9";"Aided"
1491;"Inna_4";"Aided"
1491;"Inna_3";"Aided"
1491;"Inna_7";"Aided"
1491;"Inna_5";"Aided"
1491;"Boczniak";"Aided"
1491;"Pieczarka";"Aided"
1501;"Maœlak";"Aided"
1501;"Go³¹bek";"Aided"
1501;"KoŸlarz";"Aided"
1501;"Nie znam ¿adnych";"Aided"
1501;"Borowik";"Aided"
1501;"Czubajka";"Not mentioned"
1501;"Podgrzybek";"Top of Mind"
1501;"Opieñka";"Not mentioned"
1501;"G¹ska";"Not mentioned"
1501;"Inna_2";"Aided"
1501;"Inna_1";"Aided"
1501;"Inna_8";"Aided"
1501;"Inna_6";"Aided"
1501;"Inna_9";"Aided"
1501;"Inna_4";"Aided"
1501;"Inna_3";"Aided"
1501;"Inna_7";"Aided"
1501;"Inna_5";"Aided"
1501;"Boczniak";"Aided"
1501;"Pieczarka";"Aided"
1504;"Maœlak";"Aided"
1504;"Go³¹bek";"Aided"
1504;"KoŸlarz";"Not mentioned"
1504;"Nie znam ¿adnych";"Aided"
1504;"Borowik";"Not mentioned"
1504;"Czubajka";"Not mentioned"
1504;"Podgrzybek";"Not mentioned"
1504;"Opieñka";"Not mentioned"
1504;"G¹ska";"Not mentioned"
1504;"Inna_2";"Aided"
1504;"Inna_1";"Aided"
1504;"Inna_8";"Aided"
1504;"Inna_6";"Aided"
1504;"Inna_9";"Aided"
1504;"Inna_4";"Aided"
1504;"Inna_3";"Aided"
1504;"Inna_7";"Aided"
1504;"Inna_5";"Aided"
1504;"Boczniak";"Aided"
1504;"Pieczarka";"Aided"
1508;"Maœlak";"Not mentioned"
1508;"Go³¹bek";"Top of Mind"
1508;"KoŸlarz";"Not mentioned"
1508;"Nie znam ¿adnych";"Aided"
1508;"Borowik";"Unaided"
1508;"Czubajka";"Not mentioned"
1508;"Podgrzybek";"Unaided"
1508;"Opieñka";"Not mentioned"
1508;"G¹ska";"Unaided"
1508;"Inna_2";"Aided"
1508;"Inna_1";"Aided"
1508;"Inna_8";"Aided"
1508;"Inna_6";"Aided"
1508;"Inna_9";"Aided"
1508;"Inna_4";"Aided"
1508;"Inna_3";"Aided"
1508;"Inna_7";"Aided"
1508;"Inna_5";"Aided"
1508;"Boczniak";"Aided"
1508;"Pieczarka";"Aided"
1514;"Maœlak";"Unaided"
1514;"Go³¹bek";"Top of Mind"
1514;"KoŸlarz";"Not mentioned"
1514;"Nie znam ¿adnych";"Aided"
1514;"Borowik";"Not mentioned"
1514;"Czubajka";"Unaided"
1514;"Podgrzybek";"Not mentioned"
1514;"Opieñka";"Unaided"
1514;"G¹ska";"Not mentioned"
1514;"Inna_2";"Aided"
1514;"Inna_1";"Aided"
1514;"Inna_8";"Aided"
1514;"Inna_6";"Aided"
1514;"Inna_9";"Aided"
1514;"Inna_4";"Aided"
1514;"Inna_3";"Aided"
1514;"Inna_7";"Aided"
1514;"Inna_5";"Aided"
1514;"Boczniak";"Aided"
1514;"Pieczarka";"Aided"
1540;"Maœlak";"Unaided"
1540;"Go³¹bek";"Unaided"
1540;"KoŸlarz";"Not mentioned"
1540;"Nie znam ¿adnych";"Aided"
1540;"Borowik";"Not mentioned"
1540;"Czubajka";"Not mentioned"
1540;"Podgrzybek";"Top of Mind"
1540;"Opieñka";"Aided"
1540;"G¹ska";"Aided"
1540;"Inna_2";"Aided"
1540;"Inna_1";"Aided"
1540;"Inna_8";"Aided"
1540;"Inna_6";"Aided"
1540;"Inna_9";"Aided"
1540;"Inna_4";"Aided"
1540;"Inna_3";"Aided"
1540;"Inna_7";"Aided"
1540;"Inna_5";"Aided"
1540;"Boczniak";"Not mentioned"
1540;"Pieczarka";"Aided"
1562;"Maœlak";"Not mentioned"
1562;"Go³¹bek";"Aided"
1562;"KoŸlarz";"Not mentioned"
1562;"Nie znam ¿adnych";"Aided"
1562;"Borowik";"Aided"
1562;"Czubajka";"Aided"
1562;"Podgrzybek";"Not mentioned"
1562;"Opieñka";"Not mentioned"
1562;"G¹ska";"Not mentioned"
1562;"Inna_2";"Aided"
1562;"Inna_1";"Aided"
1562;"Inna_8";"Aided"
1562;"Inna_6";"Aided"
1562;"Inna_9";"Aided"
1562;"Inna_4";"Aided"
1562;"Inna_3";"Aided"
1562;"Inna_7";"Aided"
1562;"Inna_5";"Aided"
1562;"Boczniak";"Aided"
1562;"Pieczarka";"Aided"
1583;"Maœlak";"Unaided"
1583;"Go³¹bek";"Aided"
1583;"KoŸlarz";"Unaided"
1583;"Nie znam ¿adnych";"Aided"
1583;"Borowik";"Aided"
1583;"Czubajka";"Aided"
1583;"Podgrzybek";"Not mentioned"
1583;"Opieñka";"Not mentioned"
1583;"G¹ska";"Not mentioned"
1583;"Inna_2";"Aided"
1583;"Inna_1";"Aided"
1583;"Inna_8";"Aided"
1583;"Inna_6";"Aided"
1583;"Inna_9";"Aided"
1583;"Inna_4";"Aided"
1583;"Inna_3";"Aided"
1583;"Inna_7";"Aided"
1583;"Inna_5";"Aided"
1583;"Boczniak";"Aided"
1583;"Pieczarka";"Aided"
1589;"Maœlak";"Not mentioned"
1589;"Go³¹bek";"Not mentioned"
1589;"KoŸlarz";"Not mentioned"
1589;"Nie znam ¿adnych";"Aided"
1589;"Borowik";"Not mentioned"
1589;"Czubajka";"Not mentioned"
1589;"Podgrzybek";"Not mentioned"
1589;"Opieñka";"Not mentioned"
1589;"G¹ska";"Not mentioned"
1589;"Inna_2";"Aided"
1589;"Inna_1";"Aided"
1589;"Inna_8";"Aided"
1589;"Inna_6";"Aided"
1589;"Inna_9";"Aided"
1589;"Inna_4";"Aided"
1589;"Inna_3";"Aided"
1589;"Inna_7";"Aided"
1589;"Inna_5";"Aided"
1589;"Boczniak";"Aided"
1589;"Pieczarka";"Aided"
1593;"Maœlak";"Not mentioned"
1593;"Go³¹bek";"Aided"
1593;"KoŸlarz";"Not mentioned"
1593;"Nie znam ¿adnych";"Aided"
1593;"Borowik";"Aided"
1593;"Czubajka";"Aided"
1593;"Podgrzybek";"Not mentioned"
1593;"Opieñka";"Not mentioned"
1593;"G¹ska";"Not mentioned"
1593;"Inna_2";"Aided"
1593;"Inna_1";"Aided"
1593;"Inna_8";"Aided"
1593;"Inna_6";"Aided"
1593;"Inna_9";"Aided"
1593;"Inna_4";"Aided"
1593;"Inna_3";"Aided"
1593;"Inna_7";"Aided"
1593;"Inna_5";"Aided"
1593;"Boczniak";"Aided"
1593;"Pieczarka";"Aided"
1599;"Maœlak";"Not mentioned"
1599;"Go³¹bek";"Aided"
1599;"KoŸlarz";"Aided"
1599;"Nie znam ¿adnych";"Aided"
1599;"Borowik";"Unaided"
1599;"Czubajka";"Not mentioned"
1599;"Podgrzybek";"Not mentioned"
1599;"Opieñka";"Not mentioned"
1599;"G¹ska";"Not mentioned"
1599;"Inna_2";"Aided"
1599;"Inna_1";"Aided"
1599;"Inna_8";"Aided"
1599;"Inna_6";"Aided"
1599;"Inna_9";"Aided"
1599;"Inna_4";"Aided"
1599;"Inna_3";"Aided"
1599;"Inna_7";"Aided"
1599;"Inna_5";"Aided"
1599;"Boczniak";"Aided"
1599;"Pieczarka";"Aided"
1605;"Maœlak";"Not mentioned"
1605;"Go³¹bek";"Aided"
1605;"KoŸlarz";"Not mentioned"
1605;"Nie znam ¿adnych";"Aided"
1605;"Borowik";"Aided"
1605;"Czubajka";"Not mentioned"
1605;"Podgrzybek";"Not mentioned"
1605;"Opieñka";"Not mentioned"
1605;"G¹ska";"Not mentioned"
1605;"Inna_2";"Aided"
1605;"Inna_1";"Aided"
1605;"Inna_8";"Aided"
1605;"Inna_6";"Aided"
1605;"Inna_9";"Aided"
1605;"Inna_4";"Aided"
1605;"Inna_3";"Aided"
1605;"Inna_7";"Aided"
1605;"Inna_5";"Aided"
1605;"Boczniak";"Aided"
1605;"Pieczarka";"Aided"
1612;"Maœlak";"Aided"
1612;"Go³¹bek";"Aided"
1612;"KoŸlarz";"Aided"
1612;"Nie znam ¿adnych";"Aided"
1612;"Borowik";"Aided"
1612;"Czubajka";"Aided"
1612;"Podgrzybek";"Aided"
1612;"Opieñka";"Aided"
1612;"G¹ska";"Aided"
1612;"Inna_2";"Aided"
1612;"Inna_1";"Aided"
1612;"Inna_8";"Aided"
1612;"Inna_6";"Aided"
1612;"Inna_9";"Aided"
1612;"Inna_4";"Aided"
1612;"Inna_3";"Aided"
1612;"Inna_7";"Aided"
1612;"Inna_5";"Aided"
1612;"Boczniak";"Aided"
1612;"Pieczarka";"Not mentioned"
1626;"Maœlak";"Aided"
1626;"Go³¹bek";"Aided"
1626;"KoŸlarz";"Unaided"
1626;"Nie znam ¿adnych";"Aided"
1626;"Borowik";"Unaided"
1626;"Czubajka";"Aided"
1626;"Podgrzybek";"Not mentioned"
1626;"Opieñka";"Aided"
1626;"G¹ska";"Not mentioned"
1626;"Inna_2";"Aided"
1626;"Inna_1";"Aided"
1626;"Inna_8";"Aided"
1626;"Inna_6";"Aided"
1626;"Inna_9";"Aided"
1626;"Inna_4";"Aided"
1626;"Inna_3";"Aided"
1626;"Inna_7";"Aided"
1626;"Inna_5";"Aided"
1626;"Boczniak";"Not mentioned"
1626;"Pieczarka";"Aided"
1634;"Maœlak";"Aided"
1634;"Go³¹bek";"Aided"
1634;"KoŸlarz";"Aided"
1634;"Nie znam ¿adnych";"Aided"
1634;"Borowik";"Aided"
1634;"Czubajka";"Aided"
1634;"Podgrzybek";"Aided"
1634;"Opieñka";"Aided"
1634;"G¹ska";"Aided"
1634;"Inna_2";"Aided"
1634;"Inna_1";"Aided"
1634;"Inna_8";"Aided"
1634;"Inna_6";"Aided"
1634;"Inna_9";"Aided"
1634;"Inna_4";"Aided"
1634;"Inna_3";"Aided"
1634;"Inna_7";"Aided"
1634;"Inna_5";"Aided"
1634;"Boczniak";"Aided"
1634;"Pieczarka";"Aided"
1649;"Maœlak";"Aided"
1649;"Go³¹bek";"Aided"
1649;"KoŸlarz";"Aided"
1649;"Nie znam ¿adnych";"Aided"
1649;"Borowik";"Aided"
1649;"Czubajka";"Aided"
1649;"Podgrzybek";"Aided"
1649;"Opieñka";"Aided"
1649;"G¹ska";"Aided"
1649;"Inna_2";"Aided"
1649;"Inna_1";"Aided"
1649;"Inna_8";"Aided"
1649;"Inna_6";"Aided"
1649;"Inna_9";"Aided"
1649;"Inna_4";"Aided"
1649;"Inna_3";"Aided"
1649;"Inna_7";"Aided"
1649;"Inna_5";"Aided"
1649;"Boczniak";"Aided"
1649;"Pieczarka";"Aided"
1654;"Maœlak";"Not mentioned"
1654;"Go³¹bek";"Aided"
1654;"KoŸlarz";"Unaided"
1654;"Nie znam ¿adnych";"Aided"
1654;"Borowik";"Unaided"
1654;"Czubajka";"Unaided"
1654;"Podgrzybek";"Top of Mind"
1654;"Opieñka";"Not mentioned"
1654;"G¹ska";"Not mentioned"
1654;"Inna_2";"Aided"
1654;"Inna_1";"Aided"
1654;"Inna_8";"Aided"
1654;"Inna_6";"Aided"
1654;"Inna_9";"Aided"
1654;"Inna_4";"Aided"
1654;"Inna_3";"Aided"
1654;"Inna_7";"Aided"
1654;"Inna_5";"Aided"
1654;"Boczniak";"Aided"
1654;"Pieczarka";"Aided"
1664;"Maœlak";"Aided"
1664;"Go³¹bek";"Aided"
1664;"KoŸlarz";"Aided"
1664;"Nie znam ¿adnych";"Aided"
1664;"Borowik";"Aided"
1664;"Czubajka";"Aided"
1664;"Podgrzybek";"Aided"
1664;"Opieñka";"Aided"
1664;"G¹ska";"Aided"
1664;"Inna_2";"Aided"
1664;"Inna_1";"Aided"
1664;"Inna_8";"Aided"
1664;"Inna_6";"Aided"
1664;"Inna_9";"Aided"
1664;"Inna_4";"Aided"
1664;"Inna_3";"Aided"
1664;"Inna_7";"Aided"
1664;"Inna_5";"Aided"
1664;"Boczniak";"Aided"
1664;"Pieczarka";"Aided"
1672;"Maœlak";"Aided"
1672;"Go³¹bek";"Aided"
1672;"KoŸlarz";"Aided"
1672;"Nie znam ¿adnych";"Aided"
1672;"Borowik";"Aided"
1672;"Czubajka";"Aided"
1672;"Podgrzybek";"Aided"
1672;"Opieñka";"Aided"
1672;"G¹ska";"Aided"
1672;"Inna_2";"Aided"
1672;"Inna_1";"Aided"
1672;"Inna_8";"Aided"
1672;"Inna_6";"Aided"
1672;"Inna_9";"Aided"
1672;"Inna_4";"Aided"
1672;"Inna_3";"Aided"
1672;"Inna_7";"Aided"
1672;"Inna_5";"Aided"
1672;"Boczniak";"Aided"
1672;"Pieczarka";"Aided"
1674;"Maœlak";"Not mentioned"
1674;"Go³¹bek";"Not mentioned"
1674;"KoŸlarz";"Not mentioned"
1674;"Nie znam ¿adnych";"Aided"
1674;"Borowik";"Unaided"
1674;"Czubajka";"Top of Mind"
1674;"Podgrzybek";"Not mentioned"
1674;"Opieñka";"Not mentioned"
1674;"G¹ska";"Not mentioned"
1674;"Inna_2";"Aided"
1674;"Inna_1";"Aided"
1674;"Inna_8";"Aided"
1674;"Inna_6";"Aided"
1674;"Inna_9";"Aided"
1674;"Inna_4";"Aided"
1674;"Inna_3";"Aided"
1674;"Inna_7";"Aided"
1674;"Inna_5";"Aided"
1674;"Boczniak";"Aided"
1674;"Pieczarka";"Aided"
1692;"Maœlak";"Not mentioned"
1692;"Go³¹bek";"Top of Mind"
1692;"KoŸlarz";"Unaided"
1692;"Nie znam ¿adnych";"Aided"
1692;"Borowik";"Unaided"
1692;"Czubajka";"Unaided"
1692;"Podgrzybek";"Aided"
1692;"Opieñka";"Not mentioned"
1692;"G¹ska";"Not mentioned"
1692;"Inna_2";"Aided"
1692;"Inna_1";"Aided"
1692;"Inna_8";"Aided"
1692;"Inna_6";"Aided"
1692;"Inna_9";"Aided"
1692;"Inna_4";"Aided"
1692;"Inna_3";"Aided"
1692;"Inna_7";"Aided"
1692;"Inna_5";"Aided"
1692;"Boczniak";"Not mentioned"
1692;"Pieczarka";"Aided"
1697;"Maœlak";"Not mentioned"
1697;"Go³¹bek";"Not mentioned"
1697;"KoŸlarz";"Not mentioned"
1697;"Nie znam ¿adnych";"Aided"
1697;"Borowik";"Aided"
1697;"Czubajka";"Not mentioned"
1697;"Podgrzybek";"Not mentioned"
1697;"Opieñka";"Not mentioned"
1697;"G¹ska";"Not mentioned"
1697;"Inna_2";"Aided"
1697;"Inna_1";"Aided"
1697;"Inna_8";"Aided"
1697;"Inna_6";"Aided"
1697;"Inna_9";"Aided"
1697;"Inna_4";"Aided"
1697;"Inna_3";"Aided"
1697;"Inna_7";"Aided"
1697;"Inna_5";"Aided"
1697;"Boczniak";"Aided"
1697;"Pieczarka";"Aided"
1716;"Maœlak";"Not mentioned"
1716;"Go³¹bek";"Aided"
1716;"KoŸlarz";"Not mentioned"
1716;"Nie znam ¿adnych";"Aided"
1716;"Borowik";"Aided"
1716;"Czubajka";"Not mentioned"
1716;"Podgrzybek";"Aided"
1716;"Opieñka";"Not mentioned"
1716;"G¹ska";"Aided"
1716;"Inna_2";"Aided"
1716;"Inna_1";"Aided"
1716;"Inna_8";"Aided"
1716;"Inna_6";"Aided"
1716;"Inna_9";"Aided"
1716;"Inna_4";"Aided"
1716;"Inna_3";"Aided"
1716;"Inna_7";"Aided"
1716;"Inna_5";"Aided"
1716;"Boczniak";"Aided"
1716;"Pieczarka";"Aided"
1729;"Maœlak";"Not mentioned"
1729;"Go³¹bek";"Top of Mind"
1729;"KoŸlarz";"Not mentioned"
1729;"Nie znam ¿adnych";"Aided"
1729;"Borowik";"Aided"
1729;"Czubajka";"Aided"
1729;"Podgrzybek";"Not mentioned"
1729;"Opieñka";"Not mentioned"
1729;"G¹ska";"Not mentioned"
1729;"Inna_2";"Aided"
1729;"Inna_1";"Aided"
1729;"Inna_8";"Aided"
1729;"Inna_6";"Aided"
1729;"Inna_9";"Aided"
1729;"Inna_4";"Aided"
1729;"Inna_3";"Aided"
1729;"Inna_7";"Aided"
1729;"Inna_5";"Aided"
1729;"Boczniak";"Aided"
1729;"Pieczarka";"Aided"
1733;"Maœlak";"Aided"
1733;"Go³¹bek";"Unaided"
1733;"KoŸlarz";"Aided"
1733;"Nie znam ¿adnych";"Aided"
1733;"Borowik";"Aided"
1733;"Czubajka";"Not mentioned"
1733;"Podgrzybek";"Not mentioned"
1733;"Opieñka";"Not mentioned"
1733;"G¹ska";"Not mentioned"
1733;"Inna_2";"Aided"
1733;"Inna_1";"Aided"
1733;"Inna_8";"Aided"
1733;"Inna_6";"Aided"
1733;"Inna_9";"Aided"
1733;"Inna_4";"Aided"
1733;"Inna_3";"Aided"
1733;"Inna_7";"Aided"
1733;"Inna_5";"Aided"
1733;"Boczniak";"Aided"
1733;"Pieczarka";"Aided"
1739;"Maœlak";"Not mentioned"
1739;"Go³¹bek";"Aided"
1739;"KoŸlarz";"Aided"
1739;"Nie znam ¿adnych";"Aided"
1739;"Borowik";"Not mentioned"
1739;"Czubajka";"Aided"
1739;"Podgrzybek";"Not mentioned"
1739;"Opieñka";"Not mentioned"
1739;"G¹ska";"Not mentioned"
1739;"Inna_2";"Aided"
1739;"Inna_1";"Aided"
1739;"Inna_8";"Aided"
1739;"Inna_6";"Aided"
1739;"Inna_9";"Aided"
1739;"Inna_4";"Aided"
1739;"Inna_3";"Aided"
1739;"Inna_7";"Aided"
1739;"Inna_5";"Aided"
1739;"Boczniak";"Not mentioned"
1739;"Pieczarka";"Aided"
1749;"Maœlak";"Not mentioned"
1749;"Go³¹bek";"Not mentioned"
1749;"KoŸlarz";"Not mentioned"
1749;"Nie znam ¿adnych";"Aided"
1749;"Borowik";"Not mentioned"
1749;"Czubajka";"Not mentioned"
1749;"Podgrzybek";"Not mentioned"
1749;"Opieñka";"Not mentioned"
1749;"G¹ska";"Not mentioned"
1749;"Inna_2";"Aided"
1749;"Inna_1";"Aided"
1749;"Inna_8";"Aided"
1749;"Inna_6";"Aided"
1749;"Inna_9";"Aided"
1749;"Inna_4";"Aided"
1749;"Inna_3";"Aided"
1749;"Inna_7";"Aided"
1749;"Inna_5";"Aided"
1749;"Boczniak";"Aided"
1749;"Pieczarka";"Aided"
1767;"Maœlak";"Aided"
1767;"Go³¹bek";"Aided"
1767;"KoŸlarz";"Not mentioned"
1767;"Nie znam ¿adnych";"Aided"
1767;"Borowik";"Aided"
1767;"Czubajka";"Aided"
1767;"Podgrzybek";"Not mentioned"
1767;"Opieñka";"Aided"
1767;"G¹ska";"Aided"
1767;"Inna_2";"Aided"
1767;"Inna_1";"Aided"
1767;"Inna_8";"Aided"
1767;"Inna_6";"Aided"
1767;"Inna_9";"Aided"
1767;"Inna_4";"Aided"
1767;"Inna_3";"Aided"
1767;"Inna_7";"Aided"
1767;"Inna_5";"Aided"
1767;"Boczniak";"Not mentioned"
1767;"Pieczarka";"Not mentioned"
1777;"Maœlak";"Not mentioned"
1777;"Go³¹bek";"Aided"
1777;"KoŸlarz";"Not mentioned"
1777;"Nie znam ¿adnych";"Aided"
1777;"Borowik";"Not mentioned"
1777;"Czubajka";"Aided"
1777;"Podgrzybek";"Not mentioned"
1777;"Opieñka";"Not mentioned"
1777;"G¹ska";"Not mentioned"
1777;"Inna_2";"Aided"
1777;"Inna_1";"Aided"
1777;"Inna_8";"Aided"
1777;"Inna_6";"Aided"
1777;"Inna_9";"Aided"
1777;"Inna_4";"Aided"
1777;"Inna_3";"Aided"
1777;"Inna_7";"Aided"
1777;"Inna_5";"Aided"
1777;"Boczniak";"Aided"
1777;"Pieczarka";"Aided"
1783;"Maœlak";"Not mentioned"
1783;"Go³¹bek";"Aided"
1783;"KoŸlarz";"Aided"
1783;"Nie znam ¿adnych";"Aided"
1783;"Borowik";"Aided"
1783;"Czubajka";"Aided"
1783;"Podgrzybek";"Not mentioned"
1783;"Opieñka";"Not mentioned"
1783;"G¹ska";"Not mentioned"
1783;"Inna_2";"Aided"
1783;"Inna_1";"Aided"
1783;"Inna_8";"Aided"
1783;"Inna_6";"Aided"
1783;"Inna_9";"Aided"
1783;"Inna_4";"Aided"
1783;"Inna_3";"Aided"
1783;"Inna_7";"Aided"
1783;"Inna_5";"Aided"
1783;"Boczniak";"Aided"
1783;"Pieczarka";"Aided"
1799;"Maœlak";"Not mentioned"
1799;"Go³¹bek";"Not mentioned"
1799;"KoŸlarz";"Not mentioned"
1799;"Nie znam ¿adnych";"Aided"
1799;"Borowik";"Not mentioned"
1799;"Czubajka";"Not mentioned"
1799;"Podgrzybek";"Not mentioned"
1799;"Opieñka";"Aided"
1799;"G¹ska";"Aided"
1799;"Inna_2";"Aided"
1799;"Inna_1";"Aided"
1799;"Inna_8";"Aided"
1799;"Inna_6";"Aided"
1799;"Inna_9";"Aided"
1799;"Inna_4";"Aided"
1799;"Inna_3";"Aided"
1799;"Inna_7";"Aided"
1799;"Inna_5";"Aided"
1799;"Boczniak";"Aided"
1799;"Pieczarka";"Aided"
1800;"Maœlak";"Aided"
1800;"Go³¹bek";"Not mentioned"
1800;"KoŸlarz";"Not mentioned"
1800;"Nie znam ¿adnych";"Aided"
1800;"Borowik";"Not mentioned"
1800;"Czubajka";"Aided"
1800;"Podgrzybek";"Aided"
1800;"Opieñka";"Aided"
1800;"G¹ska";"Aided"
1800;"Inna_2";"Aided"
1800;"Inna_1";"Aided"
1800;"Inna_8";"Aided"
1800;"Inna_6";"Aided"
1800;"Inna_9";"Aided"
1800;"Inna_4";"Aided"
1800;"Inna_3";"Aided"
1800;"Inna_7";"Aided"
1800;"Inna_5";"Aided"
1800;"Boczniak";"Not mentioned"
1800;"Pieczarka";"Aided"
1828;"Maœlak";"Not mentioned"
1828;"Go³¹bek";"Aided"
1828;"KoŸlarz";"Aided"
1828;"Nie znam ¿adnych";"Aided"
1828;"Borowik";"Aided"
1828;"Czubajka";"Not mentioned"
1828;"Podgrzybek";"Not mentioned"
1828;"Opieñka";"Not mentioned"
1828;"G¹ska";"Not mentioned"
1828;"Inna_2";"Aided"
1828;"Inna_1";"Aided"
1828;"Inna_8";"Aided"
1828;"Inna_6";"Aided"
1828;"Inna_9";"Aided"
1828;"Inna_4";"Aided"
1828;"Inna_3";"Aided"
1828;"Inna_7";"Aided"
1828;"Inna_5";"Aided"
1828;"Boczniak";"Aided"
1828;"Pieczarka";"Aided"
1851;"Maœlak";"Not mentioned"
1851;"Go³¹bek";"Not mentioned"
1851;"KoŸlarz";"Not mentioned"
1851;"Nie znam ¿adnych";"Aided"
1851;"Borowik";"Not mentioned"
1851;"Czubajka";"Not mentioned"
1851;"Podgrzybek";"Not mentioned"
1851;"Opieñka";"Not mentioned"
1851;"G¹ska";"Not mentioned"
1851;"Inna_2";"Aided"
1851;"Inna_1";"Aided"
1851;"Inna_8";"Aided"
1851;"Inna_6";"Aided"
1851;"Inna_9";"Aided"
1851;"Inna_4";"Aided"
1851;"Inna_3";"Aided"
1851;"Inna_7";"Aided"
1851;"Inna_5";"Aided"
1851;"Boczniak";"Aided"
1851;"Pieczarka";"Aided"
1866;"Maœlak";"Aided"
1866;"Go³¹bek";"Aided"
1866;"KoŸlarz";"Aided"
1866;"Nie znam ¿adnych";"Aided"
1866;"Borowik";"Aided"
1866;"Czubajka";"Aided"
1866;"Podgrzybek";"Aided"
1866;"Opieñka";"Aided"
1866;"G¹ska";"Aided"
1866;"Inna_2";"Aided"
1866;"Inna_1";"Aided"
1866;"Inna_8";"Aided"
1866;"Inna_6";"Aided"
1866;"Inna_9";"Aided"
1866;"Inna_4";"Aided"
1866;"Inna_3";"Aided"
1866;"Inna_7";"Aided"
1866;"Inna_5";"Aided"
1866;"Boczniak";"Aided"
1866;"Pieczarka";"Aided"
1869;"Maœlak";"Not mentioned"
1869;"Go³¹bek";"Aided"
1869;"KoŸlarz";"Not mentioned"
1869;"Nie znam ¿adnych";"Aided"
1869;"Borowik";"Aided"
1869;"Czubajka";"Not mentioned"
1869;"Podgrzybek";"Not mentioned"
1869;"Opieñka";"Not mentioned"
1869;"G¹ska";"Not mentioned"
1869;"Inna_2";"Aided"
1869;"Inna_1";"Aided"
1869;"Inna_8";"Aided"
1869;"Inna_6";"Aided"
1869;"Inna_9";"Aided"
1869;"Inna_4";"Aided"
1869;"Inna_3";"Aided"
1869;"Inna_7";"Aided"
1869;"Inna_5";"Aided"
1869;"Boczniak";"Aided"
1869;"Pieczarka";"Aided"
1928;"Maœlak";"Aided"
1928;"Go³¹bek";"Aided"
1928;"KoŸlarz";"Not mentioned"
1928;"Nie znam ¿adnych";"Aided"
1928;"Borowik";"Aided"
1928;"Czubajka";"Aided"
1928;"Podgrzybek";"Aided"
1928;"Opieñka";"Aided"
1928;"G¹ska";"Aided"
1928;"Inna_2";"Aided"
1928;"Inna_1";"Aided"
1928;"Inna_8";"Aided"
1928;"Inna_6";"Aided"
1928;"Inna_9";"Aided"
1928;"Inna_4";"Aided"
1928;"Inna_3";"Aided"
1928;"Inna_7";"Aided"
1928;"Inna_5";"Aided"
1928;"Boczniak";"Not mentioned"
1928;"Pieczarka";"Not mentioned"
1961;"Maœlak";"Not mentioned"
1961;"Go³¹bek";"Not mentioned"
1961;"KoŸlarz";"Aided"
1961;"Nie znam ¿adnych";"Aided"
1961;"Borowik";"Aided"
1961;"Czubajka";"Not mentioned"
1961;"Podgrzybek";"Aided"
1961;"Opieñka";"Aided"
1961;"G¹ska";"Aided"
1961;"Inna_2";"Aided"
1961;"Inna_1";"Aided"
1961;"Inna_8";"Aided"
1961;"Inna_6";"Aided"
1961;"Inna_9";"Aided"
1961;"Inna_4";"Aided"
1961;"Inna_3";"Aided"
1961;"Inna_7";"Aided"
1961;"Inna_5";"Aided"
1961;"Boczniak";"Not mentioned"
1961;"Pieczarka";"Not mentioned"
1969;"Maœlak";"Aided"
1969;"Go³¹bek";"Aided"
1969;"KoŸlarz";"Aided"
1969;"Nie znam ¿adnych";"Aided"
1969;"Borowik";"Not mentioned"
1969;"Czubajka";"Not mentioned"
1969;"Podgrzybek";"Not mentioned"
1969;"Opieñka";"Not mentioned"
1969;"G¹ska";"Not mentioned"
1969;"Inna_2";"Aided"
1969;"Inna_1";"Aided"
1969;"Inna_8";"Aided"
1969;"Inna_6";"Aided"
1969;"Inna_9";"Aided"
1969;"Inna_4";"Aided"
1969;"Inna_3";"Aided"
1969;"Inna_7";"Aided"
1969;"Inna_5";"Aided"
1969;"Boczniak";"Not mentioned"
1969;"Pieczarka";"Not mentioned"
1971;"Maœlak";"Aided"
1971;"Go³¹bek";"Aided"
1971;"KoŸlarz";"Aided"
1971;"Nie znam ¿adnych";"Aided"
1971;"Borowik";"Not mentioned"
1971;"Czubajka";"Not mentioned"
1971;"Podgrzybek";"Aided"
1971;"Opieñka";"Aided"
1971;"G¹ska";"Aided"
1971;"Inna_2";"Aided"
1971;"Inna_1";"Aided"
1971;"Inna_8";"Aided"
1971;"Inna_6";"Aided"
1971;"Inna_9";"Aided"
1971;"Inna_4";"Aided"
1971;"Inna_3";"Aided"
1971;"Inna_7";"Aided"
1971;"Inna_5";"Aided"
1971;"Boczniak";"Aided"
1971;"Pieczarka";"Not mentioned"
1976;"Maœlak";"Not mentioned"
1976;"Go³¹bek";"Not mentioned"
1976;"KoŸlarz";"Aided"
1976;"Nie znam ¿adnych";"Aided"
1976;"Borowik";"Not mentioned"
1976;"Czubajka";"Not mentioned"
1976;"Podgrzybek";"Aided"
1976;"Opieñka";"Not mentioned"
1976;"G¹ska";"Aided"
1976;"Inna_2";"Aided"
1976;"Inna_1";"Aided"
1976;"Inna_8";"Aided"
1976;"Inna_6";"Aided"
1976;"Inna_9";"Aided"
1976;"Inna_4";"Aided"
1976;"Inna_3";"Aided"
1976;"Inna_7";"Aided"
1976;"Inna_5";"Aided"
1976;"Boczniak";"Aided"
1976;"Pieczarka";"Aided"
1978;"Maœlak";"Not mentioned"
1978;"Go³¹bek";"Not mentioned"
1978;"KoŸlarz";"Aided"
1978;"Nie znam ¿adnych";"Aided"
1978;"Borowik";"Not mentioned"
1978;"Czubajka";"Aided"
1978;"Podgrzybek";"Aided"
1978;"Opieñka";"Aided"
1978;"G¹ska";"Not mentioned"
1978;"Inna_2";"Aided"
1978;"Inna_1";"Aided"
1978;"Inna_8";"Aided"
1978;"Inna_6";"Aided"
1978;"Inna_9";"Aided"
1978;"Inna_4";"Aided"
1978;"Inna_3";"Aided"
1978;"Inna_7";"Aided"
1978;"Inna_5";"Aided"
1978;"Boczniak";"Not mentioned"
1978;"Pieczarka";"Aided"
2008;"Maœlak";"Aided"
2008;"Go³¹bek";"Aided"
2008;"KoŸlarz";"Aided"
2008;"Nie znam ¿adnych";"Aided"
2008;"Borowik";"Aided"
2008;"Czubajka";"Aided"
2008;"Podgrzybek";"Aided"
2008;"Opieñka";"Aided"
2008;"G¹ska";"Not mentioned"
2008;"Inna_2";"Aided"
2008;"Inna_1";"Aided"
2008;"Inna_8";"Aided"
2008;"Inna_6";"Aided"
2008;"Inna_9";"Aided"
2008;"Inna_4";"Aided"
2008;"Inna_3";"Aided"
2008;"Inna_7";"Aided"
2008;"Inna_5";"Aided"
2008;"Boczniak";"Not mentioned"
2008;"Pieczarka";"Aided"
2027;"Maœlak";"Aided"
2027;"Go³¹bek";"Aided"
2027;"KoŸlarz";"Not mentioned"
2027;"Nie znam ¿adnych";"Aided"
2027;"Borowik";"Aided"
2027;"Czubajka";"Aided"
2027;"Podgrzybek";"Not mentioned"
2027;"Opieñka";"Aided"
2027;"G¹ska";"Aided"
2027;"Inna_2";"Aided"
2027;"Inna_1";"Aided"
2027;"Inna_8";"Aided"
2027;"Inna_6";"Aided"
2027;"Inna_9";"Aided"
2027;"Inna_4";"Aided"
2027;"Inna_3";"Aided"
2027;"Inna_7";"Aided"
2027;"Inna_5";"Aided"
2027;"Boczniak";"Aided"
2027;"Pieczarka";"Aided"
2036;"Maœlak";"Not mentioned"
2036;"Go³¹bek";"Aided"
2036;"KoŸlarz";"Not mentioned"
2036;"Nie znam ¿adnych";"Aided"
2036;"Borowik";"Aided"
2036;"Czubajka";"Aided"
2036;"Podgrzybek";"Aided"
2036;"Opieñka";"Aided"
2036;"G¹ska";"Aided"
2036;"Inna_2";"Aided"
2036;"Inna_1";"Aided"
2036;"Inna_8";"Aided"
2036;"Inna_6";"Aided"
2036;"Inna_9";"Aided"
2036;"Inna_4";"Aided"
2036;"Inna_3";"Aided"
2036;"Inna_7";"Aided"
2036;"Inna_5";"Aided"
2036;"Boczniak";"Not mentioned"
2036;"Pieczarka";"Aided"
2053;"Maœlak";"Aided"
2053;"Go³¹bek";"Aided"
2053;"KoŸlarz";"Not mentioned"
2053;"Nie znam ¿adnych";"Aided"
2053;"Borowik";"Aided"
2053;"Czubajka";"Aided"
2053;"Podgrzybek";"Not mentioned"
2053;"Opieñka";"Not mentioned"
2053;"G¹ska";"Aided"
2053;"Inna_2";"Aided"
2053;"Inna_1";"Aided"
2053;"Inna_8";"Aided"
2053;"Inna_6";"Aided"
2053;"Inna_9";"Aided"
2053;"Inna_4";"Aided"
2053;"Inna_3";"Aided"
2053;"Inna_7";"Aided"
2053;"Inna_5";"Aided"
2053;"Boczniak";"Aided"
2053;"Pieczarka";"Aided"
2066;"Maœlak";"Not mentioned"
2066;"Go³¹bek";"Aided"
2066;"KoŸlarz";"Aided"
2066;"Nie znam ¿adnych";"Aided"
2066;"Borowik";"Aided"
2066;"Czubajka";"Not mentioned"
2066;"Podgrzybek";"Not mentioned"
2066;"Opieñka";"Aided"
2066;"G¹ska";"Aided"
2066;"Inna_2";"Aided"
2066;"Inna_1";"Aided"
2066;"Inna_8";"Aided"
2066;"Inna_6";"Aided"
2066;"Inna_9";"Aided"
2066;"Inna_4";"Aided"
2066;"Inna_3";"Aided"
2066;"Inna_7";"Aided"
2066;"Inna_5";"Aided"
2066;"Boczniak";"Aided"
2066;"Pieczarka";"Aided"
2069;"Maœlak";"Aided"
2069;"Go³¹bek";"Aided"
2069;"KoŸlarz";"Not mentioned"
2069;"Nie znam ¿adnych";"Aided"
2069;"Borowik";"Not mentioned"
2069;"Czubajka";"Aided"
2069;"Podgrzybek";"Aided"
2069;"Opieñka";"Aided"
2069;"G¹ska";"Aided"
2069;"Inna_2";"Aided"
2069;"Inna_1";"Aided"
2069;"Inna_8";"Aided"
2069;"Inna_6";"Aided"
2069;"Inna_9";"Aided"
2069;"Inna_4";"Aided"
2069;"Inna_3";"Aided"
2069;"Inna_7";"Aided"
2069;"Inna_5";"Aided"
2069;"Boczniak";"Aided"
2069;"Pieczarka";"Aided"
2070;"Maœlak";"Aided"
2070;"Go³¹bek";"Not mentioned"
2070;"KoŸlarz";"Not mentioned"
2070;"Nie znam ¿adnych";"Aided"
2070;"Borowik";"Aided"
2070;"Czubajka";"Not mentioned"
2070;"Podgrzybek";"Aided"
2070;"Opieñka";"Not mentioned"
2070;"G¹ska";"Not mentioned"
2070;"Inna_2";"Aided"
2070;"Inna_1";"Aided"
2070;"Inna_8";"Aided"
2070;"Inna_6";"Aided"
2070;"Inna_9";"Aided"
2070;"Inna_4";"Aided"
2070;"Inna_3";"Aided"
2070;"Inna_7";"Aided"
2070;"Inna_5";"Aided"
2070;"Boczniak";"Aided"
2070;"Pieczarka";"Not mentioned"
2086;"Maœlak";"Aided"
2086;"Go³¹bek";"Aided"
2086;"KoŸlarz";"Not mentioned"
2086;"Nie znam ¿adnych";"Aided"
2086;"Borowik";"Aided"
2086;"Czubajka";"Aided"
2086;"Podgrzybek";"Aided"
2086;"Opieñka";"Aided"
2086;"G¹ska";"Aided"
2086;"Inna_2";"Aided"
2086;"Inna_1";"Aided"
2086;"Inna_8";"Aided"
2086;"Inna_6";"Aided"
2086;"Inna_9";"Aided"
2086;"Inna_4";"Aided"
2086;"Inna_3";"Aided"
2086;"Inna_7";"Aided"
2086;"Inna_5";"Aided"
2086;"Boczniak";"Not mentioned"
2086;"Pieczarka";"Aided"
2107;"Maœlak";"Aided"
2107;"Go³¹bek";"Aided"
2107;"KoŸlarz";"Not mentioned"
2107;"Nie znam ¿adnych";"Aided"
2107;"Borowik";"Aided"
2107;"Czubajka";"Not mentioned"
2107;"Podgrzybek";"Not mentioned"
2107;"Opieñka";"Aided"
2107;"G¹ska";"Not mentioned"
2107;"Inna_2";"Aided"
2107;"Inna_1";"Aided"
2107;"Inna_8";"Aided"
2107;"Inna_6";"Aided"
2107;"Inna_9";"Aided"
2107;"Inna_4";"Aided"
2107;"Inna_3";"Aided"
2107;"Inna_7";"Aided"
2107;"Inna_5";"Aided"
2107;"Boczniak";"Aided"
2107;"Pieczarka";"Aided"
2114;"Maœlak";"Not mentioned"
2114;"Go³¹bek";"Aided"
2114;"KoŸlarz";"Not mentioned"
2114;"Nie znam ¿adnych";"Aided"
2114;"Borowik";"Aided"
2114;"Czubajka";"Aided"
2114;"Podgrzybek";"Not mentioned"
2114;"Opieñka";"Aided"
2114;"G¹ska";"Aided"
2114;"Inna_2";"Aided"
2114;"Inna_1";"Aided"
2114;"Inna_8";"Aided"
2114;"Inna_6";"Aided"
2114;"Inna_9";"Aided"
2114;"Inna_4";"Aided"
2114;"Inna_3";"Aided"
2114;"Inna_7";"Aided"
2114;"Inna_5";"Aided"
2114;"Boczniak";"Aided"
2114;"Pieczarka";"Not mentioned"
2120;"Maœlak";"Not mentioned"
2120;"Go³¹bek";"Aided"
2120;"KoŸlarz";"Aided"
2120;"Nie znam ¿adnych";"Aided"
2120;"Borowik";"Not mentioned"
2120;"Czubajka";"Not mentioned"
2120;"Podgrzybek";"Aided"
2120;"Opieñka";"Aided"
2120;"G¹ska";"Aided"
2120;"Inna_2";"Aided"
2120;"Inna_1";"Aided"
2120;"Inna_8";"Aided"
2120;"Inna_6";"Aided"
2120;"Inna_9";"Aided"
2120;"Inna_4";"Aided"
2120;"Inna_3";"Aided"
2120;"Inna_7";"Aided"
2120;"Inna_5";"Aided"
2120;"Boczniak";"Aided"
2120;"Pieczarka";"Aided"
2122;"Maœlak";"Aided"
2122;"Go³¹bek";"Aided"
2122;"KoŸlarz";"Aided"
2122;"Nie znam ¿adnych";"Aided"
2122;"Borowik";"Aided"
2122;"Czubajka";"Not mentioned"
2122;"Podgrzybek";"Not mentioned"
2122;"Opieñka";"Not mentioned"
2122;"G¹ska";"Aided"
2122;"Inna_2";"Aided"
2122;"Inna_1";"Aided"
2122;"Inna_8";"Aided"
2122;"Inna_6";"Aided"
2122;"Inna_9";"Aided"
2122;"Inna_4";"Aided"
2122;"Inna_3";"Aided"
2122;"Inna_7";"Aided"
2122;"Inna_5";"Aided"
2122;"Boczniak";"Aided"
2122;"Pieczarka";"Aided"
2131;"Maœlak";"Aided"
2131;"Go³¹bek";"Not mentioned"
2131;"KoŸlarz";"Aided"
2131;"Nie znam ¿adnych";"Aided"
2131;"Borowik";"Aided"
2131;"Czubajka";"Not mentioned"
2131;"Podgrzybek";"Aided"
2131;"Opieñka";"Aided"
2131;"G¹ska";"Aided"
2131;"Inna_2";"Aided"
2131;"Inna_1";"Aided"
2131;"Inna_8";"Aided"
2131;"Inna_6";"Aided"
2131;"Inna_9";"Aided"
2131;"Inna_4";"Aided"
2131;"Inna_3";"Aided"
2131;"Inna_7";"Aided"
2131;"Inna_5";"Aided"
2131;"Boczniak";"Not mentioned"
2131;"Pieczarka";"Aided"
2147;"Maœlak";"Aided"
2147;"Go³¹bek";"Aided"
2147;"KoŸlarz";"Aided"
2147;"Nie znam ¿adnych";"Aided"
2147;"Borowik";"Not mentioned"
2147;"Czubajka";"Not mentioned"
2147;"Podgrzybek";"Aided"
2147;"Opieñka";"Aided"
2147;"G¹ska";"Aided"
2147;"Inna_2";"Aided"
2147;"Inna_1";"Aided"
2147;"Inna_8";"Aided"
2147;"Inna_6";"Aided"
2147;"Inna_9";"Aided"
2147;"Inna_4";"Aided"
2147;"Inna_3";"Aided"
2147;"Inna_7";"Aided"
2147;"Inna_5";"Aided"
2147;"Boczniak";"Aided"
2147;"Pieczarka";"Aided"
2164;"Maœlak";"Aided"
2164;"Go³¹bek";"Aided"
2164;"KoŸlarz";"Aided"
2164;"Nie znam ¿adnych";"Aided"
2164;"Borowik";"Aided"
2164;"Czubajka";"Aided"
2164;"Podgrzybek";"Aided"
2164;"Opieñka";"Aided"
2164;"G¹ska";"Aided"
2164;"Inna_2";"Aided"
2164;"Inna_1";"Aided"
2164;"Inna_8";"Aided"
2164;"Inna_6";"Aided"
2164;"Inna_9";"Aided"
2164;"Inna_4";"Aided"
2164;"Inna_3";"Aided"
2164;"Inna_7";"Aided"
2164;"Inna_5";"Aided"
2164;"Boczniak";"Aided"
2164;"Pieczarka";"Aided"
2167;"Maœlak";"Aided"
2167;"Go³¹bek";"Aided"
2167;"KoŸlarz";"Not mentioned"
2167;"Nie znam ¿adnych";"Aided"
2167;"Borowik";"Not mentioned"
2167;"Czubajka";"Not mentioned"
2167;"Podgrzybek";"Aided"
2167;"Opieñka";"Aided"
2167;"G¹ska";"Not mentioned"
2167;"Inna_2";"Aided"
2167;"Inna_1";"Aided"
2167;"Inna_8";"Aided"
2167;"Inna_6";"Aided"
2167;"Inna_9";"Aided"
2167;"Inna_4";"Aided"
2167;"Inna_3";"Aided"
2167;"Inna_7";"Aided"
2167;"Inna_5";"Aided"
2167;"Boczniak";"Aided"
2167;"Pieczarka";"Aided"
2170;"Maœlak";"Not mentioned"
2170;"Go³¹bek";"Aided"
2170;"KoŸlarz";"Aided"
2170;"Nie znam ¿adnych";"Aided"
2170;"Borowik";"Aided"
2170;"Czubajka";"Aided"
2170;"Podgrzybek";"Aided"
2170;"Opieñka";"Not mentioned"
2170;"G¹ska";"Not mentioned"
2170;"Inna_2";"Aided"
2170;"Inna_1";"Aided"
2170;"Inna_8";"Aided"
2170;"Inna_6";"Aided"
2170;"Inna_9";"Aided"
2170;"Inna_4";"Aided"
2170;"Inna_3";"Aided"
2170;"Inna_7";"Aided"
2170;"Inna_5";"Aided"
2170;"Boczniak";"Not mentioned"
2170;"Pieczarka";"Aided"
2180;"Maœlak";"Aided"
2180;"Go³¹bek";"Aided"
2180;"KoŸlarz";"Not mentioned"
2180;"Nie znam ¿adnych";"Aided"
2180;"Borowik";"Not mentioned"
2180;"Czubajka";"Aided"
2180;"Podgrzybek";"Aided"
2180;"Opieñka";"Not mentioned"
2180;"G¹ska";"Aided"
2180;"Inna_2";"Aided"
2180;"Inna_1";"Aided"
2180;"Inna_8";"Aided"
2180;"Inna_6";"Aided"
2180;"Inna_9";"Aided"
2180;"Inna_4";"Aided"
2180;"Inna_3";"Aided"
2180;"Inna_7";"Aided"
2180;"Inna_5";"Aided"
2180;"Boczniak";"Aided"
2180;"Pieczarka";"Aided"
2192;"Maœlak";"Aided"
2192;"Go³¹bek";"Aided"
2192;"KoŸlarz";"Not mentioned"
2192;"Nie znam ¿adnych";"Aided"
2192;"Borowik";"Not mentioned"
2192;"Czubajka";"Aided"
2192;"Podgrzybek";"Aided"
2192;"Opieñka";"Aided"
2192;"G¹ska";"Aided"
2192;"Inna_2";"Aided"
2192;"Inna_1";"Aided"
2192;"Inna_8";"Aided"
2192;"Inna_6";"Aided"
2192;"Inna_9";"Aided"
2192;"Inna_4";"Aided"
2192;"Inna_3";"Aided"
2192;"Inna_7";"Aided"
2192;"Inna_5";"Aided"
2192;"Boczniak";"Aided"
2192;"Pieczarka";"Aided"
2201;"Maœlak";"Not mentioned"
2201;"Go³¹bek";"Aided"
2201;"KoŸlarz";"Aided"
2201;"Nie znam ¿adnych";"Aided"
2201;"Borowik";"Aided"
2201;"Czubajka";"Aided"
2201;"Podgrzybek";"Aided"
2201;"Opieñka";"Not mentioned"
2201;"G¹ska";"Aided"
2201;"Inna_2";"Aided"
2201;"Inna_1";"Aided"
2201;"Inna_8";"Aided"
2201;"Inna_6";"Aided"
2201;"Inna_9";"Aided"
2201;"Inna_4";"Aided"
2201;"Inna_3";"Aided"
2201;"Inna_7";"Aided"
2201;"Inna_5";"Aided"
2201;"Boczniak";"Aided"
2201;"Pieczarka";"Not mentioned"
2205;"Maœlak";"Not mentioned"
2205;"Go³¹bek";"Aided"
2205;"KoŸlarz";"Not mentioned"
2205;"Nie znam ¿adnych";"Aided"
2205;"Borowik";"Aided"
2205;"Czubajka";"Not mentioned"
2205;"Podgrzybek";"Aided"
2205;"Opieñka";"Aided"
2205;"G¹ska";"Not mentioned"
2205;"Inna_2";"Aided"
2205;"Inna_1";"Aided"
2205;"Inna_8";"Aided"
2205;"Inna_6";"Aided"
2205;"Inna_9";"Aided"
2205;"Inna_4";"Aided"
2205;"Inna_3";"Aided"
2205;"Inna_7";"Aided"
2205;"Inna_5";"Aided"
2205;"Boczniak";"Aided"
2205;"Pieczarka";"Not mentioned"
2210;"Maœlak";"Aided"
2210;"Go³¹bek";"Aided"
2210;"KoŸlarz";"Not mentioned"
2210;"Nie znam ¿adnych";"Aided"
2210;"Borowik";"Aided"
2210;"Czubajka";"Not mentioned"
2210;"Podgrzybek";"Not mentioned"
2210;"Opieñka";"Aided"
2210;"G¹ska";"Not mentioned"
2210;"Inna_2";"Aided"
2210;"Inna_1";"Aided"
2210;"Inna_8";"Aided"
2210;"Inna_6";"Aided"
2210;"Inna_9";"Aided"
2210;"Inna_4";"Aided"
2210;"Inna_3";"Aided"
2210;"Inna_7";"Aided"
2210;"Inna_5";"Aided"
2210;"Boczniak";"Aided"
2210;"Pieczarka";"Aided"
2214;"Maœlak";"Aided"
2214;"Go³¹bek";"Aided"
2214;"KoŸlarz";"Aided"
2214;"Nie znam ¿adnych";"Aided"
2214;"Borowik";"Aided"
2214;"Czubajka";"Aided"
2214;"Podgrzybek";"Aided"
2214;"Opieñka";"Aided"
2214;"G¹ska";"Aided"
2214;"Inna_2";"Aided"
2214;"Inna_1";"Aided"
2214;"Inna_8";"Aided"
2214;"Inna_6";"Aided"
2214;"Inna_9";"Aided"
2214;"Inna_4";"Aided"
2214;"Inna_3";"Aided"
2214;"Inna_7";"Aided"
2214;"Inna_5";"Aided"
2214;"Boczniak";"Aided"
2214;"Pieczarka";"Unaided"
2218;"Maœlak";"Aided"
2218;"Go³¹bek";"Aided"
2218;"KoŸlarz";"Aided"
2218;"Nie znam ¿adnych";"Aided"
2218;"Borowik";"Not mentioned"
2218;"Czubajka";"Not mentioned"
2218;"Podgrzybek";"Aided"
2218;"Opieñka";"Not mentioned"
2218;"G¹ska";"Not mentioned"
2218;"Inna_2";"Aided"
2218;"Inna_1";"Aided"
2218;"Inna_8";"Aided"
2218;"Inna_6";"Aided"
2218;"Inna_9";"Aided"
2218;"Inna_4";"Aided"
2218;"Inna_3";"Aided"
2218;"Inna_7";"Aided"
2218;"Inna_5";"Aided"
2218;"Boczniak";"Aided"
2218;"Pieczarka";"Aided"
2227;"Maœlak";"Not mentioned"
2227;"Go³¹bek";"Not mentioned"
2227;"KoŸlarz";"Not mentioned"
2227;"Nie znam ¿adnych";"Aided"
2227;"Borowik";"Aided"
2227;"Czubajka";"Aided"
2227;"Podgrzybek";"Aided"
2227;"Opieñka";"Aided"
2227;"G¹ska";"Aided"
2227;"Inna_2";"Aided"
2227;"Inna_1";"Aided"
2227;"Inna_8";"Aided"
2227;"Inna_6";"Aided"
2227;"Inna_9";"Aided"
2227;"Inna_4";"Aided"
2227;"Inna_3";"Aided"
2227;"Inna_7";"Aided"
2227;"Inna_5";"Aided"
2227;"Boczniak";"Aided"
2227;"Pieczarka";"Aided"
2235;"Maœlak";"Aided"
2235;"Go³¹bek";"Aided"
2235;"KoŸlarz";"Aided"
2235;"Nie znam ¿adnych";"Aided"
2235;"Borowik";"Aided"
2235;"Czubajka";"Not mentioned"
2235;"Podgrzybek";"Not mentioned"
2235;"Opieñka";"Not mentioned"
2235;"G¹ska";"Aided"
2235;"Inna_2";"Aided"
2235;"Inna_1";"Aided"
2235;"Inna_8";"Aided"
2235;"Inna_6";"Aided"
2235;"Inna_9";"Aided"
2235;"Inna_4";"Aided"
2235;"Inna_3";"Aided"
2235;"Inna_7";"Aided"
2235;"Inna_5";"Aided"
2235;"Boczniak";"Aided"
2235;"Pieczarka";"Not mentioned"
2247;"Maœlak";"Aided"
2247;"Go³¹bek";"Aided"
2247;"KoŸlarz";"Aided"
2247;"Nie znam ¿adnych";"Aided"
2247;"Borowik";"Aided"
2247;"Czubajka";"Aided"
2247;"Podgrzybek";"Not mentioned"
2247;"Opieñka";"Aided"
2247;"G¹ska";"Aided"
2247;"Inna_2";"Aided"
2247;"Inna_1";"Aided"
2247;"Inna_8";"Aided"
2247;"Inna_6";"Aided"
2247;"Inna_9";"Aided"
2247;"Inna_4";"Aided"
2247;"Inna_3";"Aided"
2247;"Inna_7";"Aided"
2247;"Inna_5";"Aided"
2247;"Boczniak";"Not mentioned"
2247;"Pieczarka";"Aided"
2250;"Maœlak";"Not mentioned"
2250;"Go³¹bek";"Aided"
2250;"KoŸlarz";"Aided"
2250;"Nie znam ¿adnych";"Aided"
2250;"Borowik";"Aided"
2250;"Czubajka";"Aided"
2250;"Podgrzybek";"Aided"
2250;"Opieñka";"Not mentioned"
2250;"G¹ska";"Aided"
2250;"Inna_2";"Aided"
2250;"Inna_1";"Aided"
2250;"Inna_8";"Aided"
2250;"Inna_6";"Aided"
2250;"Inna_9";"Aided"
2250;"Inna_4";"Aided"
2250;"Inna_3";"Aided"
2250;"Inna_7";"Aided"
2250;"Inna_5";"Aided"
2250;"Boczniak";"Aided"
2250;"Pieczarka";"Not mentioned"
2265;"Maœlak";"Aided"
2265;"Go³¹bek";"Not mentioned"
2265;"KoŸlarz";"Not mentioned"
2265;"Nie znam ¿adnych";"Aided"
2265;"Borowik";"Aided"
2265;"Czubajka";"Aided"
2265;"Podgrzybek";"Aided"
2265;"Opieñka";"Aided"
2265;"G¹ska";"Aided"
2265;"Inna_2";"Aided"
2265;"Inna_1";"Aided"
2265;"Inna_8";"Aided"
2265;"Inna_6";"Aided"
2265;"Inna_9";"Aided"
2265;"Inna_4";"Aided"
2265;"Inna_3";"Aided"
2265;"Inna_7";"Aided"
2265;"Inna_5";"Aided"
2265;"Boczniak";"Aided"
2265;"Pieczarka";"Aided"
2279;"Maœlak";"Aided"
2279;"Go³¹bek";"Not mentioned"
2279;"KoŸlarz";"Aided"
2279;"Nie znam ¿adnych";"Aided"
2279;"Borowik";"Aided"
2279;"Czubajka";"Not mentioned"
2279;"Podgrzybek";"Aided"
2279;"Opieñka";"Aided"
2279;"G¹ska";"Aided"
2279;"Inna_2";"Aided"
2279;"Inna_1";"Aided"
2279;"Inna_8";"Aided"
2279;"Inna_6";"Aided"
2279;"Inna_9";"Aided"
2279;"Inna_4";"Aided"
2279;"Inna_3";"Aided"
2279;"Inna_7";"Aided"
2279;"Inna_5";"Aided"
2279;"Boczniak";"Aided"
2279;"Pieczarka";"Not mentioned"
2283;"Maœlak";"Aided"
2283;"Go³¹bek";"Aided"
2283;"KoŸlarz";"Aided"
2283;"Nie znam ¿adnych";"Aided"
2283;"Borowik";"Aided"
2283;"Czubajka";"Not mentioned"
2283;"Podgrzybek";"Aided"
2283;"Opieñka";"Not mentioned"
2283;"G¹ska";"Not mentioned"
2283;"Inna_2";"Aided"
2283;"Inna_1";"Aided"
2283;"Inna_8";"Aided"
2283;"Inna_6";"Aided"
2283;"Inna_9";"Aided"
2283;"Inna_4";"Aided"
2283;"Inna_3";"Aided"
2283;"Inna_7";"Aided"
2283;"Inna_5";"Aided"
2283;"Boczniak";"Not mentioned"
2283;"Pieczarka";"Aided"
2285;"Maœlak";"Aided"
2285;"Go³¹bek";"Aided"
2285;"KoŸlarz";"Aided"
2285;"Nie znam ¿adnych";"Aided"
2285;"Borowik";"Not mentioned"
2285;"Czubajka";"Aided"
2285;"Podgrzybek";"Aided"
2285;"Opieñka";"Not mentioned"
2285;"G¹ska";"Aided"
2285;"Inna_2";"Aided"
2285;"Inna_1";"Aided"
2285;"Inna_8";"Aided"
2285;"Inna_6";"Aided"
2285;"Inna_9";"Aided"
2285;"Inna_4";"Aided"
2285;"Inna_3";"Aided"
2285;"Inna_7";"Aided"
2285;"Inna_5";"Aided"
2285;"Boczniak";"Aided"
2285;"Pieczarka";"Aided"
2287;"Maœlak";"Not mentioned"
2287;"Go³¹bek";"Not mentioned"
2287;"KoŸlarz";"Aided"
2287;"Nie znam ¿adnych";"Aided"
2287;"Borowik";"Not mentioned"
2287;"Czubajka";"Not mentioned"
2287;"Podgrzybek";"Not mentioned"
2287;"Opieñka";"Aided"
2287;"G¹ska";"Not mentioned"
2287;"Inna_2";"Aided"
2287;"Inna_1";"Aided"
2287;"Inna_8";"Aided"
2287;"Inna_6";"Aided"
2287;"Inna_9";"Aided"
2287;"Inna_4";"Aided"
2287;"Inna_3";"Aided"
2287;"Inna_7";"Aided"
2287;"Inna_5";"Aided"
2287;"Boczniak";"Aided"
2287;"Pieczarka";"Aided"
2296;"Maœlak";"Aided"
2296;"Go³¹bek";"Aided"
2296;"KoŸlarz";"Aided"
2296;"Nie znam ¿adnych";"Aided"
2296;"Borowik";"Aided"
2296;"Czubajka";"Aided"
2296;"Podgrzybek";"Aided"
2296;"Opieñka";"Aided"
2296;"G¹ska";"Aided"
2296;"Inna_2";"Aided"
2296;"Inna_1";"Aided"
2296;"Inna_8";"Aided"
2296;"Inna_6";"Aided"
2296;"Inna_9";"Aided"
2296;"Inna_4";"Aided"
2296;"Inna_3";"Aided"
2296;"Inna_7";"Aided"
2296;"Inna_5";"Aided"
2296;"Boczniak";"Not mentioned"
2296;"Pieczarka";"Aided"
2304;"Maœlak";"Not mentioned"
2304;"Go³¹bek";"Not mentioned"
2304;"KoŸlarz";"Aided"
2304;"Nie znam ¿adnych";"Aided"
2304;"Borowik";"Aided"
2304;"Czubajka";"Aided"
2304;"Podgrzybek";"Not mentioned"
2304;"Opieñka";"Not mentioned"
2304;"G¹ska";"Aided"
2304;"Inna_2";"Aided"
2304;"Inna_1";"Aided"
2304;"Inna_8";"Aided"
2304;"Inna_6";"Aided"
2304;"Inna_9";"Aided"
2304;"Inna_4";"Aided"
2304;"Inna_3";"Aided"
2304;"Inna_7";"Aided"
2304;"Inna_5";"Aided"
2304;"Boczniak";"Aided"
2304;"Pieczarka";"Aided"
2309;"Maœlak";"Not mentioned"
2309;"Go³¹bek";"Aided"
2309;"KoŸlarz";"Aided"
2309;"Nie znam ¿adnych";"Aided"
2309;"Borowik";"Aided"
2309;"Czubajka";"Not mentioned"
2309;"Podgrzybek";"Not mentioned"
2309;"Opieñka";"Aided"
2309;"G¹ska";"Aided"
2309;"Inna_2";"Aided"
2309;"Inna_1";"Aided"
2309;"Inna_8";"Aided"
2309;"Inna_6";"Aided"
2309;"Inna_9";"Aided"
2309;"Inna_4";"Aided"
2309;"Inna_3";"Aided"
2309;"Inna_7";"Aided"
2309;"Inna_5";"Aided"
2309;"Boczniak";"Aided"
2309;"Pieczarka";"Aided"
2313;"Maœlak";"Not mentioned"
2313;"Go³¹bek";"Aided"
2313;"KoŸlarz";"Aided"
2313;"Nie znam ¿adnych";"Aided"
2313;"Borowik";"Aided"
2313;"Czubajka";"Aided"
2313;"Podgrzybek";"Aided"
2313;"Opieñka";"Aided"
2313;"G¹ska";"Aided"
2313;"Inna_2";"Aided"
2313;"Inna_1";"Aided"
2313;"Inna_8";"Aided"
2313;"Inna_6";"Aided"
2313;"Inna_9";"Aided"
2313;"Inna_4";"Aided"
2313;"Inna_3";"Aided"
2313;"Inna_7";"Aided"
2313;"Inna_5";"Aided"
2313;"Boczniak";"Aided"
2313;"Pieczarka";"Aided"
2316;"Maœlak";"Aided"
2316;"Go³¹bek";"Not mentioned"
2316;"KoŸlarz";"Aided"
2316;"Nie znam ¿adnych";"Aided"
2316;"Borowik";"Not mentioned"
2316;"Czubajka";"Aided"
2316;"Podgrzybek";"Aided"
2316;"Opieñka";"Not mentioned"
2316;"G¹ska";"Aided"
2316;"Inna_2";"Aided"
2316;"Inna_1";"Aided"
2316;"Inna_8";"Aided"
2316;"Inna_6";"Aided"
2316;"Inna_9";"Aided"
2316;"Inna_4";"Aided"
2316;"Inna_3";"Aided"
2316;"Inna_7";"Aided"
2316;"Inna_5";"Aided"
2316;"Boczniak";"Not mentioned"
2316;"Pieczarka";"Not mentioned"
2324;"Maœlak";"Aided"
2324;"Go³¹bek";"Aided"
2324;"KoŸlarz";"Aided"
2324;"Nie znam ¿adnych";"Aided"
2324;"Borowik";"Aided"
2324;"Czubajka";"Aided"
2324;"Podgrzybek";"Aided"
2324;"Opieñka";"Aided"
2324;"G¹ska";"Not mentioned"
2324;"Inna_2";"Aided"
2324;"Inna_1";"Aided"
2324;"Inna_8";"Aided"
2324;"Inna_6";"Aided"
2324;"Inna_9";"Aided"
2324;"Inna_4";"Aided"
2324;"Inna_3";"Aided"
2324;"Inna_7";"Aided"
2324;"Inna_5";"Aided"
2324;"Boczniak";"Not mentioned"
2324;"Pieczarka";"Aided"
2329;"Maœlak";"Aided"
2329;"Go³¹bek";"Aided"
2329;"KoŸlarz";"Aided"
2329;"Nie znam ¿adnych";"Aided"
2329;"Borowik";"Not mentioned"
2329;"Czubajka";"Aided"
2329;"Podgrzybek";"Not mentioned"
2329;"Opieñka";"Not mentioned"
2329;"G¹ska";"Not mentioned"
2329;"Inna_2";"Aided"
2329;"Inna_1";"Aided"
2329;"Inna_8";"Aided"
2329;"Inna_6";"Aided"
2329;"Inna_9";"Aided"
2329;"Inna_4";"Aided"
2329;"Inna_3";"Aided"
2329;"Inna_7";"Aided"
2329;"Inna_5";"Aided"
2329;"Boczniak";"Aided"
2329;"Pieczarka";"Aided"
2355;"Maœlak";"Aided"
2355;"Go³¹bek";"Not mentioned"
2355;"KoŸlarz";"Aided"
2355;"Nie znam ¿adnych";"Aided"
2355;"Borowik";"Aided"
2355;"Czubajka";"Aided"
2355;"Podgrzybek";"Aided"
2355;"Opieñka";"Aided"
2355;"G¹ska";"Aided"
2355;"Inna_2";"Aided"
2355;"Inna_1";"Aided"
2355;"Inna_8";"Aided"
2355;"Inna_6";"Aided"
2355;"Inna_9";"Aided"
2355;"Inna_4";"Aided"
2355;"Inna_3";"Aided"
2355;"Inna_7";"Aided"
2355;"Inna_5";"Aided"
2355;"Boczniak";"Aided"
2355;"Pieczarka";"Aided"
2356;"Maœlak";"Not mentioned"
2356;"Go³¹bek";"Aided"
2356;"KoŸlarz";"Aided"
2356;"Nie znam ¿adnych";"Aided"
2356;"Borowik";"Aided"
2356;"Czubajka";"Aided"
2356;"Podgrzybek";"Aided"
2356;"Opieñka";"Aided"
2356;"G¹ska";"Aided"
2356;"Inna_2";"Aided"
2356;"Inna_1";"Aided"
2356;"Inna_8";"Aided"
2356;"Inna_6";"Aided"
2356;"Inna_9";"Aided"
2356;"Inna_4";"Aided"
2356;"Inna_3";"Aided"
2356;"Inna_7";"Aided"
2356;"Inna_5";"Aided"
2356;"Boczniak";"Not mentioned"
2356;"Pieczarka";"Aided"
2368;"Maœlak";"Aided"
2368;"Go³¹bek";"Aided"
2368;"KoŸlarz";"Aided"
2368;"Nie znam ¿adnych";"Aided"
2368;"Borowik";"Aided"
2368;"Czubajka";"Aided"
2368;"Podgrzybek";"Aided"
2368;"Opieñka";"Not mentioned"
2368;"G¹ska";"Aided"
2368;"Inna_2";"Aided"
2368;"Inna_1";"Aided"
2368;"Inna_8";"Aided"
2368;"Inna_6";"Aided"
2368;"Inna_9";"Aided"
2368;"Inna_4";"Aided"
2368;"Inna_3";"Aided"
2368;"Inna_7";"Aided"
2368;"Inna_5";"Aided"
2368;"Boczniak";"Aided"
2368;"Pieczarka";"Not mentioned"
2373;"Maœlak";"Aided"
2373;"Go³¹bek";"Aided"
2373;"KoŸlarz";"Aided"
2373;"Nie znam ¿adnych";"Aided"
2373;"Borowik";"Aided"
2373;"Czubajka";"Aided"
2373;"Podgrzybek";"Aided"
2373;"Opieñka";"Aided"
2373;"G¹ska";"Aided"
2373;"Inna_2";"Aided"
2373;"Inna_1";"Aided"
2373;"Inna_8";"Aided"
2373;"Inna_6";"Aided"
2373;"Inna_9";"Aided"
2373;"Inna_4";"Aided"
2373;"Inna_3";"Aided"
2373;"Inna_7";"Aided"
2373;"Inna_5";"Aided"
2373;"Boczniak";"Aided"
2373;"Pieczarka";"Not mentioned"
2375;"Maœlak";"Not mentioned"
2375;"Go³¹bek";"Aided"
2375;"KoŸlarz";"Aided"
2375;"Nie znam ¿adnych";"Aided"
2375;"Borowik";"Not mentioned"
2375;"Czubajka";"Not mentioned"
2375;"Podgrzybek";"Not mentioned"
2375;"Opieñka";"Aided"
2375;"G¹ska";"Aided"
2375;"Inna_2";"Aided"
2375;"Inna_1";"Aided"
2375;"Inna_8";"Aided"
2375;"Inna_6";"Aided"
2375;"Inna_9";"Aided"
2375;"Inna_4";"Aided"
2375;"Inna_3";"Aided"
2375;"Inna_7";"Aided"
2375;"Inna_5";"Aided"
2375;"Boczniak";"Aided"
2375;"Pieczarka";"Aided"
2386;"Maœlak";"Aided"
2386;"Go³¹bek";"Aided"
2386;"KoŸlarz";"Aided"
2386;"Nie znam ¿adnych";"Aided"
2386;"Borowik";"Aided"
2386;"Czubajka";"Aided"
2386;"Podgrzybek";"Aided"
2386;"Opieñka";"Aided"
2386;"G¹ska";"Aided"
2386;"Inna_2";"Aided"
2386;"Inna_1";"Aided"
2386;"Inna_8";"Aided"
2386;"Inna_6";"Aided"
2386;"Inna_9";"Aided"
2386;"Inna_4";"Aided"
2386;"Inna_3";"Aided"
2386;"Inna_7";"Aided"
2386;"Inna_5";"Aided"
2386;"Boczniak";"Not mentioned"
2386;"Pieczarka";"Aided"
2391;"Maœlak";"Aided"
2391;"Go³¹bek";"Aided"
2391;"KoŸlarz";"Aided"
2391;"Nie znam ¿adnych";"Aided"
2391;"Borowik";"Aided"
2391;"Czubajka";"Aided"
2391;"Podgrzybek";"Not mentioned"
2391;"Opieñka";"Not mentioned"
2391;"G¹ska";"Not mentioned"
2391;"Inna_2";"Aided"
2391;"Inna_1";"Aided"
2391;"Inna_8";"Aided"
2391;"Inna_6";"Aided"
2391;"Inna_9";"Aided"
2391;"Inna_4";"Aided"
2391;"Inna_3";"Aided"
2391;"Inna_7";"Aided"
2391;"Inna_5";"Aided"
2391;"Boczniak";"Not mentioned"
2391;"Pieczarka";"Aided"
2403;"Maœlak";"Aided"
2403;"Go³¹bek";"Aided"
2403;"KoŸlarz";"Aided"
2403;"Nie znam ¿adnych";"Aided"
2403;"Borowik";"Not mentioned"
2403;"Czubajka";"Not mentioned"
2403;"Podgrzybek";"Aided"
2403;"Opieñka";"Not mentioned"
2403;"G¹ska";"Not mentioned"
2403;"Inna_2";"Aided"
2403;"Inna_1";"Aided"
2403;"Inna_8";"Aided"
2403;"Inna_6";"Aided"
2403;"Inna_9";"Aided"
2403;"Inna_4";"Aided"
2403;"Inna_3";"Aided"
2403;"Inna_7";"Aided"
2403;"Inna_5";"Aided"
2403;"Boczniak";"Aided"
2403;"Pieczarka";"Aided"
2407;"Maœlak";"Aided"
2407;"Go³¹bek";"Aided"
2407;"KoŸlarz";"Aided"
2407;"Nie znam ¿adnych";"Aided"
2407;"Borowik";"Not mentioned"
2407;"Czubajka";"Aided"
2407;"Podgrzybek";"Aided"
2407;"Opieñka";"Not mentioned"
2407;"G¹ska";"Aided"
2407;"Inna_2";"Aided"
2407;"Inna_1";"Aided"
2407;"Inna_8";"Aided"
2407;"Inna_6";"Aided"
2407;"Inna_9";"Aided"
2407;"Inna_4";"Aided"
2407;"Inna_3";"Aided"
2407;"Inna_7";"Aided"
2407;"Inna_5";"Aided"
2407;"Boczniak";"Aided"
2407;"Pieczarka";"Aided"
2418;"Maœlak";"Aided"
2418;"Go³¹bek";"Not mentioned"
2418;"KoŸlarz";"Aided"
2418;"Nie znam ¿adnych";"Aided"
2418;"Borowik";"Not mentioned"
2418;"Czubajka";"Aided"
2418;"Podgrzybek";"Aided"
2418;"Opieñka";"Aided"
2418;"G¹ska";"Aided"
2418;"Inna_2";"Aided"
2418;"Inna_1";"Aided"
2418;"Inna_8";"Aided"
2418;"Inna_6";"Aided"
2418;"Inna_9";"Aided"
2418;"Inna_4";"Aided"
2418;"Inna_3";"Aided"
2418;"Inna_7";"Aided"
2418;"Inna_5";"Aided"
2418;"Boczniak";"Aided"
2418;"Pieczarka";"Aided"
2430;"Maœlak";"Aided"
2430;"Go³¹bek";"Aided"
2430;"KoŸlarz";"Aided"
2430;"Nie znam ¿adnych";"Aided"
2430;"Borowik";"Aided"
2430;"Czubajka";"Aided"
2430;"Podgrzybek";"Aided"
2430;"Opieñka";"Aided"
2430;"G¹ska";"Not mentioned"
2430;"Inna_2";"Aided"
2430;"Inna_1";"Aided"
2430;"Inna_8";"Aided"
2430;"Inna_6";"Aided"
2430;"Inna_9";"Aided"
2430;"Inna_4";"Aided"
2430;"Inna_3";"Aided"
2430;"Inna_7";"Aided"
2430;"Inna_5";"Aided"
2430;"Boczniak";"Aided"
2430;"Pieczarka";"Not mentioned"
2437;"Maœlak";"Aided"
2437;"Go³¹bek";"Not mentioned"
2437;"KoŸlarz";"Aided"
2437;"Nie znam ¿adnych";"Aided"
2437;"Borowik";"Not mentioned"
2437;"Czubajka";"Aided"
2437;"Podgrzybek";"Aided"
2437;"Opieñka";"Aided"
2437;"G¹ska";"Aided"
2437;"Inna_2";"Aided"
2437;"Inna_1";"Aided"
2437;"Inna_8";"Aided"
2437;"Inna_6";"Aided"
2437;"Inna_9";"Aided"
2437;"Inna_4";"Aided"
2437;"Inna_3";"Aided"
2437;"Inna_7";"Aided"
2437;"Inna_5";"Aided"
2437;"Boczniak";"Aided"
2437;"Pieczarka";"Aided"
2441;"Maœlak";"Not mentioned"
2441;"Go³¹bek";"Not mentioned"
2441;"KoŸlarz";"Aided"
2441;"Nie znam ¿adnych";"Aided"
2441;"Borowik";"Aided"
2441;"Czubajka";"Aided"
2441;"Podgrzybek";"Aided"
2441;"Opieñka";"Aided"
2441;"G¹ska";"Not mentioned"
2441;"Inna_2";"Aided"
2441;"Inna_1";"Aided"
2441;"Inna_8";"Aided"
2441;"Inna_6";"Aided"
2441;"Inna_9";"Aided"
2441;"Inna_4";"Aided"
2441;"Inna_3";"Aided"
2441;"Inna_7";"Aided"
2441;"Inna_5";"Aided"
2441;"Boczniak";"Not mentioned"
2441;"Pieczarka";"Aided"
2455;"Maœlak";"Aided"
2455;"Go³¹bek";"Aided"
2455;"KoŸlarz";"Aided"
2455;"Nie znam ¿adnych";"Aided"
2455;"Borowik";"Aided"
2455;"Czubajka";"Not mentioned"
2455;"Podgrzybek";"Aided"
2455;"Opieñka";"Aided"
2455;"G¹ska";"Aided"
2455;"Inna_2";"Aided"
2455;"Inna_1";"Aided"
2455;"Inna_8";"Aided"
2455;"Inna_6";"Aided"
2455;"Inna_9";"Aided"
2455;"Inna_4";"Aided"
2455;"Inna_3";"Aided"
2455;"Inna_7";"Aided"
2455;"Inna_5";"Aided"
2455;"Boczniak";"Aided"
2455;"Pieczarka";"Aided"
2466;"Maœlak";"Aided"
2466;"Go³¹bek";"Not mentioned"
2466;"KoŸlarz";"Aided"
2466;"Nie znam ¿adnych";"Aided"
2466;"Borowik";"Not mentioned"
2466;"Czubajka";"Aided"
2466;"Podgrzybek";"Not mentioned"
2466;"Opieñka";"Aided"
2466;"G¹ska";"Aided"
2466;"Inna_2";"Aided"
2466;"Inna_1";"Aided"
2466;"Inna_8";"Aided"
2466;"Inna_6";"Aided"
2466;"Inna_9";"Aided"
2466;"Inna_4";"Aided"
2466;"Inna_3";"Aided"
2466;"Inna_7";"Aided"
2466;"Inna_5";"Aided"
2466;"Boczniak";"Aided"
2466;"Pieczarka";"Aided"
2470;"Maœlak";"Aided"
2470;"Go³¹bek";"Not mentioned"
2470;"KoŸlarz";"Aided"
2470;"Nie znam ¿adnych";"Aided"
2470;"Borowik";"Aided"
2470;"Czubajka";"Aided"
2470;"Podgrzybek";"Not mentioned"
2470;"Opieñka";"Not mentioned"
2470;"G¹ska";"Aided"
2470;"Inna_2";"Aided"
2470;"Inna_1";"Aided"
2470;"Inna_8";"Aided"
2470;"Inna_6";"Aided"
2470;"Inna_9";"Aided"
2470;"Inna_4";"Aided"
2470;"Inna_3";"Aided"
2470;"Inna_7";"Aided"
2470;"Inna_5";"Aided"
2470;"Boczniak";"Aided"
2470;"Pieczarka";"Aided"
2484;"Maœlak";"Aided"
2484;"Go³¹bek";"Aided"
2484;"KoŸlarz";"Aided"
2484;"Nie znam ¿adnych";"Aided"
2484;"Borowik";"Aided"
2484;"Czubajka";"Aided"
2484;"Podgrzybek";"Not mentioned"
2484;"Opieñka";"Aided"
2484;"G¹ska";"Aided"
2484;"Inna_2";"Aided"
2484;"Inna_1";"Aided"
2484;"Inna_8";"Aided"
2484;"Inna_6";"Aided"
2484;"Inna_9";"Aided"
2484;"Inna_4";"Aided"
2484;"Inna_3";"Aided"
2484;"Inna_7";"Aided"
2484;"Inna_5";"Aided"
2484;"Boczniak";"Aided"
2484;"Pieczarka";"Aided"
2489;"Maœlak";"Not mentioned"
2489;"Go³¹bek";"Not mentioned"
2489;"KoŸlarz";"Aided"
2489;"Nie znam ¿adnych";"Aided"
2489;"Borowik";"Aided"
2489;"Czubajka";"Not mentioned"
2489;"Podgrzybek";"Aided"
2489;"Opieñka";"Not mentioned"
2489;"G¹ska";"Aided"
2489;"Inna_2";"Aided"
2489;"Inna_1";"Aided"
2489;"Inna_8";"Aided"
2489;"Inna_6";"Aided"
2489;"Inna_9";"Aided"
2489;"Inna_4";"Aided"
2489;"Inna_3";"Aided"
2489;"Inna_7";"Aided"
2489;"Inna_5";"Aided"
2489;"Boczniak";"Aided"
2489;"Pieczarka";"Not mentioned"
2509;"Maœlak";"Not mentioned"
2509;"Go³¹bek";"Not mentioned"
2509;"KoŸlarz";"Aided"
2509;"Nie znam ¿adnych";"Aided"
2509;"Borowik";"Not mentioned"
2509;"Czubajka";"Aided"
2509;"Podgrzybek";"Aided"
2509;"Opieñka";"Aided"
2509;"G¹ska";"Aided"
2509;"Inna_2";"Aided"
2509;"Inna_1";"Aided"
2509;"Inna_8";"Aided"
2509;"Inna_6";"Aided"
2509;"Inna_9";"Aided"
2509;"Inna_4";"Aided"
2509;"Inna_3";"Aided"
2509;"Inna_7";"Aided"
2509;"Inna_5";"Aided"
2509;"Boczniak";"Aided"
2509;"Pieczarka";"Not mentioned"
2520;"Maœlak";"Aided"
2520;"Go³¹bek";"Not mentioned"
2520;"KoŸlarz";"Aided"
2520;"Nie znam ¿adnych";"Aided"
2520;"Borowik";"Aided"
2520;"Czubajka";"Not mentioned"
2520;"Podgrzybek";"Aided"
2520;"Opieñka";"Aided"
2520;"G¹ska";"Aided"
2520;"Inna_2";"Aided"
2520;"Inna_1";"Aided"
2520;"Inna_8";"Aided"
2520;"Inna_6";"Aided"
2520;"Inna_9";"Aided"
2520;"Inna_4";"Aided"
2520;"Inna_3";"Aided"
2520;"Inna_7";"Aided"
2520;"Inna_5";"Aided"
2520;"Boczniak";"Aided"
2520;"Pieczarka";"Aided"
2523;"Maœlak";"Aided"
2523;"Go³¹bek";"Aided"
2523;"KoŸlarz";"Aided"
2523;"Nie znam ¿adnych";"Aided"
2523;"Borowik";"Not mentioned"
2523;"Czubajka";"Aided"
2523;"Podgrzybek";"Aided"
2523;"Opieñka";"Aided"
2523;"G¹ska";"Not mentioned"
2523;"Inna_2";"Aided"
2523;"Inna_1";"Aided"
2523;"Inna_8";"Aided"
2523;"Inna_6";"Aided"
2523;"Inna_9";"Aided"
2523;"Inna_4";"Aided"
2523;"Inna_3";"Aided"
2523;"Inna_7";"Aided"
2523;"Inna_5";"Aided"
2523;"Boczniak";"Aided"
2523;"Pieczarka";"Aided"
2527;"Maœlak";"Not mentioned"
2527;"Go³¹bek";"Not mentioned"
2527;"KoŸlarz";"Not mentioned"
2527;"Nie znam ¿adnych";"Aided"
2527;"Borowik";"Aided"
2527;"Czubajka";"Aided"
2527;"Podgrzybek";"Not mentioned"
2527;"Opieñka";"Not mentioned"
2527;"G¹ska";"Aided"
2527;"Inna_2";"Aided"
2527;"Inna_1";"Aided"
2527;"Inna_8";"Aided"
2527;"Inna_6";"Aided"
2527;"Inna_9";"Aided"
2527;"Inna_4";"Aided"
2527;"Inna_3";"Aided"
2527;"Inna_7";"Aided"
2527;"Inna_5";"Aided"
2527;"Boczniak";"Not mentioned"
2527;"Pieczarka";"Aided"
2545;"Maœlak";"Aided"
2545;"Go³¹bek";"Aided"
2545;"KoŸlarz";"Aided"
2545;"Nie znam ¿adnych";"Aided"
2545;"Borowik";"Aided"
2545;"Czubajka";"Not mentioned"
2545;"Podgrzybek";"Not mentioned"
2545;"Opieñka";"Aided"
2545;"G¹ska";"Aided"
2545;"Inna_2";"Aided"
2545;"Inna_1";"Aided"
2545;"Inna_8";"Aided"
2545;"Inna_6";"Aided"
2545;"Inna_9";"Aided"
2545;"Inna_4";"Aided"
2545;"Inna_3";"Aided"
2545;"Inna_7";"Aided"
2545;"Inna_5";"Aided"
2545;"Boczniak";"Aided"
2545;"Pieczarka";"Not mentioned"
2549;"Maœlak";"Aided"
2549;"Go³¹bek";"Aided"
2549;"KoŸlarz";"Aided"
2549;"Nie znam ¿adnych";"Aided"
2549;"Borowik";"Not mentioned"
2549;"Czubajka";"Aided"
2549;"Podgrzybek";"Aided"
2549;"Opieñka";"Not mentioned"
2549;"G¹ska";"Aided"
2549;"Inna_2";"Aided"
2549;"Inna_1";"Aided"
2549;"Inna_8";"Aided"
2549;"Inna_6";"Aided"
2549;"Inna_9";"Aided"
2549;"Inna_4";"Aided"
2549;"Inna_3";"Aided"
2549;"Inna_7";"Aided"
2549;"Inna_5";"Aided"
2549;"Boczniak";"Aided"
2549;"Pieczarka";"Not mentioned"
2563;"Maœlak";"Not mentioned"
2563;"Go³¹bek";"Aided"
2563;"KoŸlarz";"Not mentioned"
2563;"Nie znam ¿adnych";"Aided"
2563;"Borowik";"Aided"
2563;"Czubajka";"Aided"
2563;"Podgrzybek";"Aided"
2563;"Opieñka";"Aided"
2563;"G¹ska";"Aided"
2563;"Inna_2";"Aided"
2563;"Inna_1";"Aided"
2563;"Inna_8";"Aided"
2563;"Inna_6";"Aided"
2563;"Inna_9";"Aided"
2563;"Inna_4";"Aided"
2563;"Inna_3";"Aided"
2563;"Inna_7";"Aided"
2563;"Inna_5";"Aided"
2563;"Boczniak";"Aided"
2563;"Pieczarka";"Aided"
2567;"Maœlak";"Aided"
2567;"Go³¹bek";"Not mentioned"
2567;"KoŸlarz";"Not mentioned"
2567;"Nie znam ¿adnych";"Aided"
2567;"Borowik";"Not mentioned"
2567;"Czubajka";"Aided"
2567;"Podgrzybek";"Aided"
2567;"Opieñka";"Aided"
2567;"G¹ska";"Not mentioned"
2567;"Inna_2";"Aided"
2567;"Inna_1";"Aided"
2567;"Inna_8";"Aided"
2567;"Inna_6";"Aided"
2567;"Inna_9";"Aided"
2567;"Inna_4";"Aided"
2567;"Inna_3";"Aided"
2567;"Inna_7";"Aided"
2567;"Inna_5";"Aided"
2567;"Boczniak";"Aided"
2567;"Pieczarka";"Aided"
2579;"Maœlak";"Aided"
2579;"Go³¹bek";"Not mentioned"
2579;"KoŸlarz";"Aided"
2579;"Nie znam ¿adnych";"Aided"
2579;"Borowik";"Aided"
2579;"Czubajka";"Aided"
2579;"Podgrzybek";"Aided"
2579;"Opieñka";"Not mentioned"
2579;"G¹ska";"Not mentioned"
2579;"Inna_2";"Aided"
2579;"Inna_1";"Aided"
2579;"Inna_8";"Aided"
2579;"Inna_6";"Aided"
2579;"Inna_9";"Aided"
2579;"Inna_4";"Aided"
2579;"Inna_3";"Aided"
2579;"Inna_7";"Aided"
2579;"Inna_5";"Aided"
2579;"Boczniak";"Aided"
2579;"Pieczarka";"Aided"
2583;"Maœlak";"Not mentioned"
2583;"Go³¹bek";"Aided"
2583;"KoŸlarz";"Aided"
2583;"Nie znam ¿adnych";"Aided"
2583;"Borowik";"Aided"
2583;"Czubajka";"Aided"
2583;"Podgrzybek";"Aided"
2583;"Opieñka";"Not mentioned"
2583;"G¹ska";"Not mentioned"
2583;"Inna_2";"Aided"
2583;"Inna_1";"Aided"
2583;"Inna_8";"Aided"
2583;"Inna_6";"Aided"
2583;"Inna_9";"Aided"
2583;"Inna_4";"Aided"
2583;"Inna_3";"Aided"
2583;"Inna_7";"Aided"
2583;"Inna_5";"Aided"
2583;"Boczniak";"Not mentioned"
2583;"Pieczarka";"Aided"
2590;"Maœlak";"Aided"
2590;"Go³¹bek";"Aided"
2590;"KoŸlarz";"Aided"
2590;"Nie znam ¿adnych";"Aided"
2590;"Borowik";"Not mentioned"
2590;"Czubajka";"Not mentioned"
2590;"Podgrzybek";"Aided"
2590;"Opieñka";"Not mentioned"
2590;"G¹ska";"Aided"
2590;"Inna_2";"Aided"
2590;"Inna_1";"Aided"
2590;"Inna_8";"Aided"
2590;"Inna_6";"Aided"
2590;"Inna_9";"Aided"
2590;"Inna_4";"Aided"
2590;"Inna_3";"Aided"
2590;"Inna_7";"Aided"
2590;"Inna_5";"Aided"
2590;"Boczniak";"Aided"
2590;"Pieczarka";"Not mentioned"
2594;"Maœlak";"Not mentioned"
2594;"Go³¹bek";"Aided"
2594;"KoŸlarz";"Aided"
2594;"Nie znam ¿adnych";"Aided"
2594;"Borowik";"Aided"
2594;"Czubajka";"Aided"
2594;"Podgrzybek";"Aided"
2594;"Opieñka";"Aided"
2594;"G¹ska";"Aided"
2594;"Inna_2";"Aided"
2594;"Inna_1";"Aided"
2594;"Inna_8";"Aided"
2594;"Inna_6";"Aided"
2594;"Inna_9";"Aided"
2594;"Inna_4";"Aided"
2594;"Inna_3";"Aided"
2594;"Inna_7";"Aided"
2594;"Inna_5";"Aided"
2594;"Boczniak";"Aided"
2594;"Pieczarka";"Aided"
2598;"Maœlak";"Aided"
2598;"Go³¹bek";"Aided"
2598;"KoŸlarz";"Aided"
2598;"Nie znam ¿adnych";"Aided"
2598;"Borowik";"Aided"
2598;"Czubajka";"Aided"
2598;"Podgrzybek";"Not mentioned"
2598;"Opieñka";"Aided"
2598;"G¹ska";"Aided"
2598;"Inna_2";"Aided"
2598;"Inna_1";"Aided"
2598;"Inna_8";"Aided"
2598;"Inna_6";"Aided"
2598;"Inna_9";"Aided"
2598;"Inna_4";"Aided"
2598;"Inna_3";"Aided"
2598;"Inna_7";"Aided"
2598;"Inna_5";"Aided"
2598;"Boczniak";"Aided"
2598;"Pieczarka";"Aided"
2609;"Maœlak";"Not mentioned"
2609;"Go³¹bek";"Aided"
2609;"KoŸlarz";"Aided"
2609;"Nie znam ¿adnych";"Aided"
2609;"Borowik";"Aided"
2609;"Czubajka";"Aided"
2609;"Podgrzybek";"Not mentioned"
2609;"Opieñka";"Aided"
2609;"G¹ska";"Aided"
2609;"Inna_2";"Aided"
2609;"Inna_1";"Aided"
2609;"Inna_8";"Aided"
2609;"Inna_6";"Aided"
2609;"Inna_9";"Aided"
2609;"Inna_4";"Aided"
2609;"Inna_3";"Aided"
2609;"Inna_7";"Aided"
2609;"Inna_5";"Aided"
2609;"Boczniak";"Not mentioned"
2609;"Pieczarka";"Aided"
2613;"Maœlak";"Aided"
2613;"Go³¹bek";"Aided"
2613;"KoŸlarz";"Aided"
2613;"Nie znam ¿adnych";"Aided"
2613;"Borowik";"Aided"
2613;"Czubajka";"Not mentioned"
2613;"Podgrzybek";"Aided"
2613;"Opieñka";"Aided"
2613;"G¹ska";"Aided"
2613;"Inna_2";"Aided"
2613;"Inna_1";"Aided"
2613;"Inna_8";"Aided"
2613;"Inna_6";"Aided"
2613;"Inna_9";"Aided"
2613;"Inna_4";"Aided"
2613;"Inna_3";"Aided"
2613;"Inna_7";"Aided"
2613;"Inna_5";"Aided"
2613;"Boczniak";"Aided"
2613;"Pieczarka";"Not mentioned"
2615;"Maœlak";"Aided"
2615;"Go³¹bek";"Aided"
2615;"KoŸlarz";"Aided"
2615;"Nie znam ¿adnych";"Aided"
2615;"Borowik";"Aided"
2615;"Czubajka";"Not mentioned"
2615;"Podgrzybek";"Aided"
2615;"Opieñka";"Aided"
2615;"G¹ska";"Aided"
2615;"Inna_2";"Aided"
2615;"Inna_1";"Aided"
2615;"Inna_8";"Aided"
2615;"Inna_6";"Aided"
2615;"Inna_9";"Aided"
2615;"Inna_4";"Aided"
2615;"Inna_3";"Aided"
2615;"Inna_7";"Aided"
2615;"Inna_5";"Aided"
2615;"Boczniak";"Not mentioned"
2615;"Pieczarka";"Not mentioned"
2619;"Maœlak";"Aided"
2619;"Go³¹bek";"Aided"
2619;"KoŸlarz";"Not mentioned"
2619;"Nie znam ¿adnych";"Aided"
2619;"Borowik";"Aided"
2619;"Czubajka";"Aided"
2619;"Podgrzybek";"Not mentioned"
2619;"Opieñka";"Aided"
2619;"G¹ska";"Aided"
2619;"Inna_2";"Aided"
2619;"Inna_1";"Aided"
2619;"Inna_8";"Aided"
2619;"Inna_6";"Aided"
2619;"Inna_9";"Aided"
2619;"Inna_4";"Aided"
2619;"Inna_3";"Aided"
2619;"Inna_7";"Aided"
2619;"Inna_5";"Aided"
2619;"Boczniak";"Aided"
2619;"Pieczarka";"Aided"
2620;"Maœlak";"Aided"
2620;"Go³¹bek";"Aided"
2620;"KoŸlarz";"Not mentioned"
2620;"Nie znam ¿adnych";"Aided"
2620;"Borowik";"Aided"
2620;"Czubajka";"Not mentioned"
2620;"Podgrzybek";"Aided"
2620;"Opieñka";"Aided"
2620;"G¹ska";"Aided"
2620;"Inna_2";"Aided"
2620;"Inna_1";"Aided"
2620;"Inna_8";"Aided"
2620;"Inna_6";"Aided"
2620;"Inna_9";"Aided"
2620;"Inna_4";"Aided"
2620;"Inna_3";"Aided"
2620;"Inna_7";"Aided"
2620;"Inna_5";"Aided"
2620;"Boczniak";"Not mentioned"
2620;"Pieczarka";"Not mentioned"
2623;"Maœlak";"Not mentioned"
2623;"Go³¹bek";"Aided"
2623;"KoŸlarz";"Not mentioned"
2623;"Nie znam ¿adnych";"Aided"
2623;"Borowik";"Not mentioned"
2623;"Czubajka";"Aided"
2623;"Podgrzybek";"Aided"
2623;"Opieñka";"Not mentioned"
2623;"G¹ska";"Not mentioned"
2623;"Inna_2";"Aided"
2623;"Inna_1";"Aided"
2623;"Inna_8";"Aided"
2623;"Inna_6";"Aided"
2623;"Inna_9";"Aided"
2623;"Inna_4";"Aided"
2623;"Inna_3";"Aided"
2623;"Inna_7";"Aided"
2623;"Inna_5";"Aided"
2623;"Boczniak";"Aided"
2623;"Pieczarka";"Aided"
2625;"Maœlak";"Aided"
2625;"Go³¹bek";"Not mentioned"
2625;"KoŸlarz";"Not mentioned"
2625;"Nie znam ¿adnych";"Aided"
2625;"Borowik";"Aided"
2625;"Czubajka";"Aided"
2625;"Podgrzybek";"Aided"
2625;"Opieñka";"Not mentioned"
2625;"G¹ska";"Aided"
2625;"Inna_2";"Aided"
2625;"Inna_1";"Aided"
2625;"Inna_8";"Aided"
2625;"Inna_6";"Aided"
2625;"Inna_9";"Aided"
2625;"Inna_4";"Aided"
2625;"Inna_3";"Aided"
2625;"Inna_7";"Aided"
2625;"Inna_5";"Aided"
2625;"Boczniak";"Not mentioned"
2625;"Pieczarka";"Aided"
2631;"Maœlak";"Not mentioned"
2631;"Go³¹bek";"Aided"
2631;"KoŸlarz";"Not mentioned"
2631;"Nie znam ¿adnych";"Aided"
2631;"Borowik";"Aided"
2631;"Czubajka";"Aided"
2631;"Podgrzybek";"Not mentioned"
2631;"Opieñka";"Aided"
2631;"G¹ska";"Aided"
2631;"Inna_2";"Aided"
2631;"Inna_1";"Aided"
2631;"Inna_8";"Aided"
2631;"Inna_6";"Aided"
2631;"Inna_9";"Aided"
2631;"Inna_4";"Aided"
2631;"Inna_3";"Aided"
2631;"Inna_7";"Aided"
2631;"Inna_5";"Aided"
2631;"Boczniak";"Aided"
2631;"Pieczarka";"Aided"
2634;"Maœlak";"Aided"
2634;"Go³¹bek";"Aided"
2634;"KoŸlarz";"Not mentioned"
2634;"Nie znam ¿adnych";"Aided"
2634;"Borowik";"Not mentioned"
2634;"Czubajka";"Not mentioned"
2634;"Podgrzybek";"Not mentioned"
2634;"Opieñka";"Aided"
2634;"G¹ska";"Aided"
2634;"Inna_2";"Aided"
2634;"Inna_1";"Aided"
2634;"Inna_8";"Aided"
2634;"Inna_6";"Aided"
2634;"Inna_9";"Aided"
2634;"Inna_4";"Aided"
2634;"Inna_3";"Aided"
2634;"Inna_7";"Aided"
2634;"Inna_5";"Aided"
2634;"Boczniak";"Not mentioned"
2634;"Pieczarka";"Aided"
2642;"Maœlak";"Aided"
2642;"Go³¹bek";"Aided"
2642;"KoŸlarz";"Aided"
2642;"Nie znam ¿adnych";"Aided"
2642;"Borowik";"Aided"
2642;"Czubajka";"Aided"
2642;"Podgrzybek";"Aided"
2642;"Opieñka";"Not mentioned"
2642;"G¹ska";"Aided"
2642;"Inna_2";"Aided"
2642;"Inna_1";"Aided"
2642;"Inna_8";"Aided"
2642;"Inna_6";"Aided"
2642;"Inna_9";"Aided"
2642;"Inna_4";"Aided"
2642;"Inna_3";"Aided"
2642;"Inna_7";"Aided"
2642;"Inna_5";"Aided"
2642;"Boczniak";"Aided"
2642;"Pieczarka";"Aided"
2643;"Maœlak";"Aided"
2643;"Go³¹bek";"Not mentioned"
2643;"KoŸlarz";"Aided"
2643;"Nie znam ¿adnych";"Aided"
2643;"Borowik";"Aided"
2643;"Czubajka";"Aided"
2643;"Podgrzybek";"Aided"
2643;"Opieñka";"Aided"
2643;"G¹ska";"Aided"
2643;"Inna_2";"Aided"
2643;"Inna_1";"Aided"
2643;"Inna_8";"Aided"
2643;"Inna_6";"Aided"
2643;"Inna_9";"Aided"
2643;"Inna_4";"Aided"
2643;"Inna_3";"Aided"
2643;"Inna_7";"Aided"
2643;"Inna_5";"Aided"
2643;"Boczniak";"Aided"
2643;"Pieczarka";"Aided"
2645;"Maœlak";"Not mentioned"
2645;"Go³¹bek";"Aided"
2645;"KoŸlarz";"Not mentioned"
2645;"Nie znam ¿adnych";"Aided"
2645;"Borowik";"Aided"
2645;"Czubajka";"Aided"
2645;"Podgrzybek";"Aided"
2645;"Opieñka";"Not mentioned"
2645;"G¹ska";"Aided"
2645;"Inna_2";"Aided"
2645;"Inna_1";"Aided"
2645;"Inna_8";"Aided"
2645;"Inna_6";"Aided"
2645;"Inna_9";"Aided"
2645;"Inna_4";"Aided"
2645;"Inna_3";"Aided"
2645;"Inna_7";"Aided"
2645;"Inna_5";"Aided"
2645;"Boczniak";"Aided"
2645;"Pieczarka";"Aided"
2651;"Maœlak";"Not mentioned"
2651;"Go³¹bek";"Not mentioned"
2651;"KoŸlarz";"Not mentioned"
2651;"Nie znam ¿adnych";"Aided"
2651;"Borowik";"Aided"
2651;"Czubajka";"Aided"
2651;"Podgrzybek";"Aided"
2651;"Opieñka";"Aided"
2651;"G¹ska";"Aided"
2651;"Inna_2";"Aided"
2651;"Inna_1";"Aided"
2651;"Inna_8";"Aided"
2651;"Inna_6";"Aided"
2651;"Inna_9";"Aided"
2651;"Inna_4";"Aided"
2651;"Inna_3";"Aided"
2651;"Inna_7";"Aided"
2651;"Inna_5";"Aided"
2651;"Boczniak";"Not mentioned"
2651;"Pieczarka";"Not mentioned"
2664;"Maœlak";"Aided"
2664;"Go³¹bek";"Aided"
2664;"KoŸlarz";"Aided"
2664;"Nie znam ¿adnych";"Aided"
2664;"Borowik";"Aided"
2664;"Czubajka";"Not mentioned"
2664;"Podgrzybek";"Aided"
2664;"Opieñka";"Aided"
2664;"G¹ska";"Not mentioned"
2664;"Inna_2";"Aided"
2664;"Inna_1";"Aided"
2664;"Inna_8";"Aided"
2664;"Inna_6";"Aided"
2664;"Inna_9";"Aided"
2664;"Inna_4";"Aided"
2664;"Inna_3";"Aided"
2664;"Inna_7";"Aided"
2664;"Inna_5";"Aided"
2664;"Boczniak";"Aided"
2664;"Pieczarka";"Aided"
2670;"Maœlak";"Aided"
2670;"Go³¹bek";"Aided"
2670;"KoŸlarz";"Aided"
2670;"Nie znam ¿adnych";"Aided"
2670;"Borowik";"Aided"
2670;"Czubajka";"Aided"
2670;"Podgrzybek";"Aided"
2670;"Opieñka";"Aided"
2670;"G¹ska";"Aided"
2670;"Inna_2";"Aided"
2670;"Inna_1";"Not mentioned"
2670;"Inna_8";"Aided"
2670;"Inna_6";"Aided"
2670;"Inna_9";"Aided"
2670;"Inna_4";"Aided"
2670;"Inna_3";"Aided"
2670;"Inna_7";"Aided"
2670;"Inna_5";"Aided"
2670;"Boczniak";"Aided"
2670;"Pieczarka";"Aided"
2674;"Maœlak";"Aided"
2674;"Go³¹bek";"Aided"
2674;"KoŸlarz";"Aided"
2674;"Nie znam ¿adnych";"Aided"
2674;"Borowik";"Aided"
2674;"Czubajka";"Not mentioned"
2674;"Podgrzybek";"Not mentioned"
2674;"Opieñka";"Aided"
2674;"G¹ska";"Aided"
2674;"Inna_2";"Aided"
2674;"Inna_1";"Aided"
2674;"Inna_8";"Aided"
2674;"Inna_6";"Aided"
2674;"Inna_9";"Aided"
2674;"Inna_4";"Aided"
2674;"Inna_3";"Aided"
2674;"Inna_7";"Aided"
2674;"Inna_5";"Aided"
2674;"Boczniak";"Aided"
2674;"Pieczarka";"Aided"
2688;"Maœlak";"Aided"
2688;"Go³¹bek";"Aided"
2688;"KoŸlarz";"Not mentioned"
2688;"Nie znam ¿adnych";"Aided"
2688;"Borowik";"Aided"
2688;"Czubajka";"Aided"
2688;"Podgrzybek";"Aided"
2688;"Opieñka";"Aided"
2688;"G¹ska";"Not mentioned"
2688;"Inna_2";"Aided"
2688;"Inna_1";"Aided"
2688;"Inna_8";"Aided"
2688;"Inna_6";"Aided"
2688;"Inna_9";"Aided"
2688;"Inna_4";"Aided"
2688;"Inna_3";"Aided"
2688;"Inna_7";"Aided"
2688;"Inna_5";"Aided"
2688;"Boczniak";"Aided"
2688;"Pieczarka";"Aided"
2691;"Maœlak";"Not mentioned"
2691;"Go³¹bek";"Aided"
2691;"KoŸlarz";"Aided"
2691;"Nie znam ¿adnych";"Aided"
2691;"Borowik";"Aided"
2691;"Czubajka";"Aided"
2691;"Podgrzybek";"Not mentioned"
2691;"Opieñka";"Aided"
2691;"G¹ska";"Not mentioned"
2691;"Inna_2";"Aided"
2691;"Inna_1";"Aided"
2691;"Inna_8";"Aided"
2691;"Inna_6";"Aided"
2691;"Inna_9";"Aided"
2691;"Inna_4";"Aided"
2691;"Inna_3";"Aided"
2691;"Inna_7";"Aided"
2691;"Inna_5";"Aided"
2691;"Boczniak";"Aided"
2691;"Pieczarka";"Aided"
2695;"Maœlak";"Aided"
2695;"Go³¹bek";"Aided"
2695;"KoŸlarz";"Aided"
2695;"Nie znam ¿adnych";"Aided"
2695;"Borowik";"Aided"
2695;"Czubajka";"Not mentioned"
2695;"Podgrzybek";"Aided"
2695;"Opieñka";"Aided"
2695;"G¹ska";"Aided"
2695;"Inna_2";"Aided"
2695;"Inna_1";"Aided"
2695;"Inna_8";"Aided"
2695;"Inna_6";"Aided"
2695;"Inna_9";"Aided"
2695;"Inna_4";"Aided"
2695;"Inna_3";"Aided"
2695;"Inna_7";"Aided"
2695;"Inna_5";"Aided"
2695;"Boczniak";"Not mentioned"
2695;"Pieczarka";"Not mentioned"
2703;"Maœlak";"Aided"
2703;"Go³¹bek";"Aided"
2703;"KoŸlarz";"Aided"
2703;"Nie znam ¿adnych";"Aided"
2703;"Borowik";"Aided"
2703;"Czubajka";"Aided"
2703;"Podgrzybek";"Not mentioned"
2703;"Opieñka";"Aided"
2703;"G¹ska";"Not mentioned"
2703;"Inna_2";"Aided"
2703;"Inna_1";"Aided"
2703;"Inna_8";"Aided"
2703;"Inna_6";"Aided"
2703;"Inna_9";"Aided"
2703;"Inna_4";"Aided"
2703;"Inna_3";"Aided"
2703;"Inna_7";"Aided"
2703;"Inna_5";"Aided"
2703;"Boczniak";"Not mentioned"
2703;"Pieczarka";"Aided"
2707;"Maœlak";"Aided"
2707;"Go³¹bek";"Aided"
2707;"KoŸlarz";"Aided"
2707;"Nie znam ¿adnych";"Aided"
2707;"Borowik";"Not mentioned"
2707;"Czubajka";"Not mentioned"
2707;"Podgrzybek";"Aided"
2707;"Opieñka";"Aided"
2707;"G¹ska";"Not mentioned"
2707;"Inna_2";"Aided"
2707;"Inna_1";"Aided"
2707;"Inna_8";"Aided"
2707;"Inna_6";"Aided"
2707;"Inna_9";"Aided"
2707;"Inna_4";"Aided"
2707;"Inna_3";"Aided"
2707;"Inna_7";"Aided"
2707;"Inna_5";"Aided"
2707;"Boczniak";"Aided"
2707;"Pieczarka";"Aided"
2727;"Maœlak";"Aided"
2727;"Go³¹bek";"Aided"
2727;"KoŸlarz";"Aided"
2727;"Nie znam ¿adnych";"Aided"
2727;"Borowik";"Aided"
2727;"Czubajka";"Aided"
2727;"Podgrzybek";"Not mentioned"
2727;"Opieñka";"Aided"
2727;"G¹ska";"Aided"
2727;"Inna_2";"Aided"
2727;"Inna_1";"Aided"
2727;"Inna_8";"Aided"
2727;"Inna_6";"Aided"
2727;"Inna_9";"Aided"
2727;"Inna_4";"Aided"
2727;"Inna_3";"Aided"
2727;"Inna_7";"Aided"
2727;"Inna_5";"Aided"
2727;"Boczniak";"Aided"
2727;"Pieczarka";"Aided"
2731;"Maœlak";"Not mentioned"
2731;"Go³¹bek";"Aided"
2731;"KoŸlarz";"Aided"
2731;"Nie znam ¿adnych";"Aided"
2731;"Borowik";"Aided"
2731;"Czubajka";"Not mentioned"
2731;"Podgrzybek";"Aided"
2731;"Opieñka";"Aided"
2731;"G¹ska";"Aided"
2731;"Inna_2";"Aided"
2731;"Inna_1";"Aided"
2731;"Inna_8";"Aided"
2731;"Inna_6";"Aided"
2731;"Inna_9";"Aided"
2731;"Inna_4";"Aided"
2731;"Inna_3";"Aided"
2731;"Inna_7";"Aided"
2731;"Inna_5";"Aided"
2731;"Boczniak";"Aided"
2731;"Pieczarka";"Aided"
2742;"Maœlak";"Not mentioned"
2742;"Go³¹bek";"Not mentioned"
2742;"KoŸlarz";"Aided"
2742;"Nie znam ¿adnych";"Aided"
2742;"Borowik";"Not mentioned"
2742;"Czubajka";"Aided"
2742;"Podgrzybek";"Aided"
2742;"Opieñka";"Aided"
2742;"G¹ska";"Aided"
2742;"Inna_2";"Aided"
2742;"Inna_1";"Aided"
2742;"Inna_8";"Aided"
2742;"Inna_6";"Aided"
2742;"Inna_9";"Aided"
2742;"Inna_4";"Aided"
2742;"Inna_3";"Aided"
2742;"Inna_7";"Aided"
2742;"Inna_5";"Aided"
2742;"Boczniak";"Aided"
2742;"Pieczarka";"Aided"
2744;"Maœlak";"Not mentioned"
2744;"Go³¹bek";"Aided"
2744;"KoŸlarz";"Not mentioned"
2744;"Nie znam ¿adnych";"Aided"
2744;"Borowik";"Aided"
2744;"Czubajka";"Not mentioned"
2744;"Podgrzybek";"Aided"
2744;"Opieñka";"Aided"
2744;"G¹ska";"Aided"
2744;"Inna_2";"Aided"
2744;"Inna_1";"Aided"
2744;"Inna_8";"Aided"
2744;"Inna_6";"Aided"
2744;"Inna_9";"Aided"
2744;"Inna_4";"Aided"
2744;"Inna_3";"Aided"
2744;"Inna_7";"Aided"
2744;"Inna_5";"Aided"
2744;"Boczniak";"Not mentioned"
2744;"Pieczarka";"Aided"
2748;"Maœlak";"Aided"
2748;"Go³¹bek";"Aided"
2748;"KoŸlarz";"Not mentioned"
2748;"Nie znam ¿adnych";"Aided"
2748;"Borowik";"Aided"
2748;"Czubajka";"Not mentioned"
2748;"Podgrzybek";"Not mentioned"
2748;"Opieñka";"Aided"
2748;"G¹ska";"Aided"
2748;"Inna_2";"Aided"
2748;"Inna_1";"Aided"
2748;"Inna_8";"Aided"
2748;"Inna_6";"Aided"
2748;"Inna_9";"Aided"
2748;"Inna_4";"Aided"
2748;"Inna_3";"Aided"
2748;"Inna_7";"Aided"
2748;"Inna_5";"Aided"
2748;"Boczniak";"Not mentioned"
2748;"Pieczarka";"Aided"
2754;"Maœlak";"Not mentioned"
2754;"Go³¹bek";"Aided"
2754;"KoŸlarz";"Aided"
2754;"Nie znam ¿adnych";"Aided"
2754;"Borowik";"Not mentioned"
2754;"Czubajka";"Aided"
2754;"Podgrzybek";"Aided"
2754;"Opieñka";"Aided"
2754;"G¹ska";"Aided"
2754;"Inna_2";"Aided"
2754;"Inna_1";"Aided"
2754;"Inna_8";"Aided"
2754;"Inna_6";"Aided"
2754;"Inna_9";"Aided"
2754;"Inna_4";"Aided"
2754;"Inna_3";"Aided"
2754;"Inna_7";"Aided"
2754;"Inna_5";"Aided"
2754;"Boczniak";"Not mentioned"
2754;"Pieczarka";"Aided"
2757;"Maœlak";"Not mentioned"
2757;"Go³¹bek";"Not mentioned"
2757;"KoŸlarz";"Not mentioned"
2757;"Nie znam ¿adnych";"Aided"
2757;"Borowik";"Aided"
2757;"Czubajka";"Not mentioned"
2757;"Podgrzybek";"Not mentioned"
2757;"Opieñka";"Aided"
2757;"G¹ska";"Aided"
2757;"Inna_2";"Aided"
2757;"Inna_1";"Aided"
2757;"Inna_8";"Aided"
2757;"Inna_6";"Aided"
2757;"Inna_9";"Aided"
2757;"Inna_4";"Aided"
2757;"Inna_3";"Aided"
2757;"Inna_7";"Aided"
2757;"Inna_5";"Aided"
2757;"Boczniak";"Not mentioned"
2757;"Pieczarka";"Not mentioned"
2766;"Maœlak";"Aided"
2766;"Go³¹bek";"Aided"
2766;"KoŸlarz";"Aided"
2766;"Nie znam ¿adnych";"Aided"
2766;"Borowik";"Not mentioned"
2766;"Czubajka";"Aided"
2766;"Podgrzybek";"Aided"
2766;"Opieñka";"Aided"
2766;"G¹ska";"Aided"
2766;"Inna_2";"Aided"
2766;"Inna_1";"Aided"
2766;"Inna_8";"Aided"
2766;"Inna_6";"Aided"
2766;"Inna_9";"Aided"
2766;"Inna_4";"Aided"
2766;"Inna_3";"Aided"
2766;"Inna_7";"Aided"
2766;"Inna_5";"Aided"
2766;"Boczniak";"Not mentioned"
2766;"Pieczarka";"Not mentioned"
2775;"Maœlak";"Not mentioned"
2775;"Go³¹bek";"Aided"
2775;"KoŸlarz";"Aided"
2775;"Nie znam ¿adnych";"Aided"
2775;"Borowik";"Aided"
2775;"Czubajka";"Aided"
2775;"Podgrzybek";"Aided"
2775;"Opieñka";"Aided"
2775;"G¹ska";"Aided"
2775;"Inna_2";"Aided"
2775;"Inna_1";"Aided"
2775;"Inna_8";"Aided"
2775;"Inna_6";"Aided"
2775;"Inna_9";"Aided"
2775;"Inna_4";"Aided"
2775;"Inna_3";"Aided"
2775;"Inna_7";"Aided"
2775;"Inna_5";"Aided"
2775;"Boczniak";"Aided"
2775;"Pieczarka";"Not mentioned"
2780;"Maœlak";"Not mentioned"
2780;"Go³¹bek";"Aided"
2780;"KoŸlarz";"Not mentioned"
2780;"Nie znam ¿adnych";"Aided"
2780;"Borowik";"Aided"
2780;"Czubajka";"Aided"
2780;"Podgrzybek";"Not mentioned"
2780;"Opieñka";"Aided"
2780;"G¹ska";"Not mentioned"
2780;"Inna_2";"Aided"
2780;"Inna_1";"Aided"
2780;"Inna_8";"Aided"
2780;"Inna_6";"Aided"
2780;"Inna_9";"Aided"
2780;"Inna_4";"Aided"
2780;"Inna_3";"Aided"
2780;"Inna_7";"Aided"
2780;"Inna_5";"Aided"
2780;"Boczniak";"Not mentioned"
2780;"Pieczarka";"Aided"
2786;"Maœlak";"Aided"
2786;"Go³¹bek";"Aided"
2786;"KoŸlarz";"Not mentioned"
2786;"Nie znam ¿adnych";"Aided"
2786;"Borowik";"Aided"
2786;"Czubajka";"Not mentioned"
2786;"Podgrzybek";"Aided"
2786;"Opieñka";"Not mentioned"
2786;"G¹ska";"Aided"
2786;"Inna_2";"Aided"
2786;"Inna_1";"Aided"
2786;"Inna_8";"Aided"
2786;"Inna_6";"Aided"
2786;"Inna_9";"Aided"
2786;"Inna_4";"Aided"
2786;"Inna_3";"Aided"
2786;"Inna_7";"Aided"
2786;"Inna_5";"Aided"
2786;"Boczniak";"Aided"
2786;"Pieczarka";"Aided"
2798;"Maœlak";"Aided"
2798;"Go³¹bek";"Aided"
2798;"KoŸlarz";"Aided"
2798;"Nie znam ¿adnych";"Aided"
2798;"Borowik";"Aided"
2798;"Czubajka";"Not mentioned"
2798;"Podgrzybek";"Aided"
2798;"Opieñka";"Aided"
2798;"G¹ska";"Not mentioned"
2798;"Inna_2";"Aided"
2798;"Inna_1";"Aided"
2798;"Inna_8";"Aided"
2798;"Inna_6";"Aided"
2798;"Inna_9";"Aided"
2798;"Inna_4";"Aided"
2798;"Inna_3";"Aided"
2798;"Inna_7";"Aided"
2798;"Inna_5";"Aided"
2798;"Boczniak";"Aided"
2798;"Pieczarka";"Aided"
2801;"Maœlak";"Aided"
2801;"Go³¹bek";"Not mentioned"
2801;"KoŸlarz";"Aided"
2801;"Nie znam ¿adnych";"Aided"
2801;"Borowik";"Aided"
2801;"Czubajka";"Not mentioned"
2801;"Podgrzybek";"Not mentioned"
2801;"Opieñka";"Aided"
2801;"G¹ska";"Aided"
2801;"Inna_2";"Aided"
2801;"Inna_1";"Aided"
2801;"Inna_8";"Aided"
2801;"Inna_6";"Aided"
2801;"Inna_9";"Aided"
2801;"Inna_4";"Aided"
2801;"Inna_3";"Aided"
2801;"Inna_7";"Aided"
2801;"Inna_5";"Aided"
2801;"Boczniak";"Aided"
2801;"Pieczarka";"Aided"
2809;"Maœlak";"Aided"
2809;"Go³¹bek";"Not mentioned"
2809;"KoŸlarz";"Aided"
2809;"Nie znam ¿adnych";"Aided"
2809;"Borowik";"Aided"
2809;"Czubajka";"Not mentioned"
2809;"Podgrzybek";"Aided"
2809;"Opieñka";"Aided"
2809;"G¹ska";"Aided"
2809;"Inna_2";"Aided"
2809;"Inna_1";"Aided"
2809;"Inna_8";"Aided"
2809;"Inna_6";"Aided"
2809;"Inna_9";"Aided"
2809;"Inna_4";"Aided"
2809;"Inna_3";"Aided"
2809;"Inna_7";"Aided"
2809;"Inna_5";"Aided"
2809;"Boczniak";"Aided"
2809;"Pieczarka";"Not mentioned"
2813;"Maœlak";"Aided"
2813;"Go³¹bek";"Aided"
2813;"KoŸlarz";"Aided"
2813;"Nie znam ¿adnych";"Aided"
2813;"Borowik";"Aided"
2813;"Czubajka";"Aided"
2813;"Podgrzybek";"Aided"
2813;"Opieñka";"Aided"
2813;"G¹ska";"Aided"
2813;"Inna_2";"Aided"
2813;"Inna_1";"Aided"
2813;"Inna_8";"Aided"
2813;"Inna_6";"Aided"
2813;"Inna_9";"Aided"
2813;"Inna_4";"Aided"
2813;"Inna_3";"Aided"
2813;"Inna_7";"Aided"
2813;"Inna_5";"Aided"
2813;"Boczniak";"Not mentioned"
2813;"Pieczarka";"Aided"
2817;"Maœlak";"Not mentioned"
2817;"Go³¹bek";"Aided"
2817;"KoŸlarz";"Aided"
2817;"Nie znam ¿adnych";"Aided"
2817;"Borowik";"Not mentioned"
2817;"Czubajka";"Aided"
2817;"Podgrzybek";"Not mentioned"
2817;"Opieñka";"Aided"
2817;"G¹ska";"Aided"
2817;"Inna_2";"Aided"
2817;"Inna_1";"Aided"
2817;"Inna_8";"Aided"
2817;"Inna_6";"Aided"
2817;"Inna_9";"Aided"
2817;"Inna_4";"Aided"
2817;"Inna_3";"Aided"
2817;"Inna_7";"Aided"
2817;"Inna_5";"Aided"
2817;"Boczniak";"Aided"
2817;"Pieczarka";"Aided"
2822;"Maœlak";"Aided"
2822;"Go³¹bek";"Not mentioned"
2822;"KoŸlarz";"Not mentioned"
2822;"Nie znam ¿adnych";"Aided"
2822;"Borowik";"Not mentioned"
2822;"Czubajka";"Aided"
2822;"Podgrzybek";"Aided"
2822;"Opieñka";"Not mentioned"
2822;"G¹ska";"Aided"
2822;"Inna_2";"Aided"
2822;"Inna_1";"Aided"
2822;"Inna_8";"Aided"
2822;"Inna_6";"Aided"
2822;"Inna_9";"Aided"
2822;"Inna_4";"Aided"
2822;"Inna_3";"Aided"
2822;"Inna_7";"Aided"
2822;"Inna_5";"Aided"
2822;"Boczniak";"Not mentioned"
2822;"Pieczarka";"Aided"
2837;"Maœlak";"Aided"
2837;"Go³¹bek";"Aided"
2837;"KoŸlarz";"Aided"
2837;"Nie znam ¿adnych";"Aided"
2837;"Borowik";"Aided"
2837;"Czubajka";"Not mentioned"
2837;"Podgrzybek";"Aided"
2837;"Opieñka";"Aided"
2837;"G¹ska";"Aided"
2837;"Inna_2";"Aided"
2837;"Inna_1";"Aided"
2837;"Inna_8";"Aided"
2837;"Inna_6";"Aided"
2837;"Inna_9";"Aided"
2837;"Inna_4";"Aided"
2837;"Inna_3";"Aided"
2837;"Inna_7";"Aided"
2837;"Inna_5";"Aided"
2837;"Boczniak";"Aided"
2837;"Pieczarka";"Aided"
2862;"Maœlak";"Aided"
2862;"Go³¹bek";"Not mentioned"
2862;"KoŸlarz";"Aided"
2862;"Nie znam ¿adnych";"Aided"
2862;"Borowik";"Aided"
2862;"Czubajka";"Aided"
2862;"Podgrzybek";"Aided"
2862;"Opieñka";"Not mentioned"
2862;"G¹ska";"Aided"
2862;"Inna_2";"Aided"
2862;"Inna_1";"Aided"
2862;"Inna_8";"Aided"
2862;"Inna_6";"Aided"
2862;"Inna_9";"Aided"
2862;"Inna_4";"Aided"
2862;"Inna_3";"Aided"
2862;"Inna_7";"Aided"
2862;"Inna_5";"Aided"
2862;"Boczniak";"Not mentioned"
2862;"Pieczarka";"Aided"
2865;"Maœlak";"Not mentioned"
2865;"Go³¹bek";"Not mentioned"
2865;"KoŸlarz";"Aided"
2865;"Nie znam ¿adnych";"Aided"
2865;"Borowik";"Not mentioned"
2865;"Czubajka";"Not mentioned"
2865;"Podgrzybek";"Aided"
2865;"Opieñka";"Aided"
2865;"G¹ska";"Aided"
2865;"Inna_2";"Aided"
2865;"Inna_1";"Aided"
2865;"Inna_8";"Aided"
2865;"Inna_6";"Aided"
2865;"Inna_9";"Aided"
2865;"Inna_4";"Aided"
2865;"Inna_3";"Aided"
2865;"Inna_7";"Aided"
2865;"Inna_5";"Aided"
2865;"Boczniak";"Not mentioned"
2865;"Pieczarka";"Aided"
2880;"Maœlak";"Aided"
2880;"Go³¹bek";"Aided"
2880;"KoŸlarz";"Not mentioned"
2880;"Nie znam ¿adnych";"Aided"
2880;"Borowik";"Aided"
2880;"Czubajka";"Not mentioned"
2880;"Podgrzybek";"Aided"
2880;"Opieñka";"Not mentioned"
2880;"G¹ska";"Not mentioned"
2880;"Inna_2";"Aided"
2880;"Inna_1";"Aided"
2880;"Inna_8";"Aided"
2880;"Inna_6";"Aided"
2880;"Inna_9";"Aided"
2880;"Inna_4";"Aided"
2880;"Inna_3";"Aided"
2880;"Inna_7";"Aided"
2880;"Inna_5";"Aided"
2880;"Boczniak";"Aided"
2880;"Pieczarka";"Aided"
2886;"Maœlak";"Not mentioned"
2886;"Go³¹bek";"Aided"
2886;"KoŸlarz";"Aided"
2886;"Nie znam ¿adnych";"Aided"
2886;"Borowik";"Aided"
2886;"Czubajka";"Not mentioned"
2886;"Podgrzybek";"Aided"
2886;"Opieñka";"Aided"
2886;"G¹ska";"Aided"
2886;"Inna_2";"Aided"
2886;"Inna_1";"Aided"
2886;"Inna_8";"Aided"
2886;"Inna_6";"Aided"
2886;"Inna_9";"Aided"
2886;"Inna_4";"Aided"
2886;"Inna_3";"Aided"
2886;"Inna_7";"Aided"
2886;"Inna_5";"Aided"
2886;"Boczniak";"Aided"
2886;"Pieczarka";"Aided"
