PrjName;Filter;RecordNo;AgentId;AgentUserName;PhoneNo;Language;LtCallDt;LtCallWd;LtCallST;CallDurS;CallDurM;LtQuestF;CallCnt;LtCallR;WaveNo;Priority;DialingMode;ResCompleted;IntLevel;ResTimeZone;CallNotes;RestrictionOverride;ResTimeSlot;LtCaseR;CyclePhoneNumber;ManualDialing;LANG;NAME;INT01;N1;N2_1;RegionA;R1;SCREE;T1;X1;INT10;X2a;X2b;X3M1;X3M2;X3M3;X3M4;X3M5;X3M6;X3M7;X3M8;X3M9;X3M10;X4M1;X4M2;X4M3;X4M4;X4M5;X4M6;X4M7;X4M8;X4M9;X4M10;X5M1;X5M2;X5M3;X5M4;X5M5;X5M6;X5M7;X5M8;X5M9;X5M10;X6M1;X6M2;X6M3;X6M4;X6M5;X6M6;X6M7;X6M8;X6M9;X6M10;X7M1;X7M2;X7M3;X7M4;X7M5;X7M6;X7M7;X7M8;X7M9;X7M10;X8M1;X8M2;X8M3;X8M4;X8M5;X8M6;X8M7;X8M8;X8M9;X8M10;X9M1;X9M2;X9M3;X9M4;X9M5;X9M6;X9M7;X9M8;X9M9;X9M10;X10M1;X10M2;X10M3;X11_1;X11_2;X11_3;X11_4;X11_5;X11_6;X11_7;X11_8;X11_9;X11_10;X12;X13;X14;RAUS;BYE;VOLL;INT;SQ;F6;PR_CODE;REG;DISTR;SETTL;IMPOR;TEL1;TEL2;TEL3;LSURN;LNAME;TEL4;TEL5;LSURN2;LNAME2;TEL6;TEL7;LSURN3;LNAME3;TEL8;RESPONDENT;TEL9;NOTE;KORR;F7;QN1;QN2;QN3;QN4;QN5;F8;QN6;QN7;QN8;F11;CB
Grupa.1;1;1135;114;Agent.13;445384795;1;20210729;5;10:30:00;2021;34;461;1;CO;1;0;0;1;0;0;;0;0;CO;1;0;PL;;JA;;;32090206;;;185;101;;140;140;106;108;;;;;;;;;103;110;;;;;;;;;;;3;;;5;;3;;5;101;102;103;107;109;;;;;;102;103;104;107;109;110;;;;;5;5;3;2;5;4;4;4;5;1;3;1;3;;;;5;;4;;105;101;102;3;5;3;9;5;10;10;9;3;10;1969;104;104;;99;100;CO;;;293674;;;;;;;;;;;;;;;;;;;;;;1;;;;;;;;;;;;
Grupa.1;1;1150;47;Agent.03;154573464;1;20210806;6;19:26:00;1714;29;462;5;CO;4;0;0;1;0;0;;0;0;CO;1;0;PL;;JA;;;32090286;;;264;101;;30;0;108;105;;;;;;;;;101;102;103;104;105;106;108;;;;1;3;2;2;5;4;;3;;;101;102;103;104;106;107;108;;;;101;103;104;107;109;;;;;;1;4;3;4;5;5;1;4;3;2;5;3;4;2;;3;2;2;;;200;;;10;5;7;0;5;4;7;7;8;2;1978;103;101;;99;100;CO;;;779905;;;;;226676446;;;;;;;;;;;;;;;;;1;;auctor elit natoque neque libero maximus massa. in libero diam in adipiscing commodo quam quam. adipiscing elit. est. mi sus;;;;;;;;;;2,02E+11
Grupa.1;1;1151;53;Agent.06;647224818;1;20210729;5;14:57:00;1274;21;461;2;CO;1;0;0;1;0;0;;0;0;CO;1;0;PL;;JA;;;32090290;;;73;101;;250;275;999;;;;;;;;;;101;102;103;104;106;107;108;109;;;4;1;4;4;;4;1;3;4;;101;102;103;105;106;108;;;;;101;102;103;104;108;;;;;;5;999;5;4;2;5;1;2;2;1;5;5;5;;4;3;;4;;;101;104;103;6;9;4;4;4;9;2;9;9;2;1981;104;101;;99;100;CO;;;514197;;;;;821958511;;;;;;;;;;;;;;;;;1;;felis. neque interdum vestibulum dictum orci consequat vulputate, sed sollicitudin est. Sed id odio ipsum, commodo, maximus;felis. neque interdum vestibulum dictum orci consequat vulputate, sed sollicitudin est. Sed id odio ipsum, commodo, ma;felis. neque interdum vestibulum dictum orci consequat vulputate, sed sollicitudin est. Sed id odio ipsum, commodo, ma;;;;;;;;2,02E+11
Grupa.1;1;1154;61;Agent.11;223966240;1;20210811;4;09:13:00;2361;39;462;37;CO;30;0;0;1;0;0;;0;0;CO;1;0;PL;;LQ;;;32090305;;;7;101;;180;180;101;102;108;104;105;106;107;103;112;;;;;;;;;;;;4;3;3;999;1;3;3;3;;;101;102;103;104;105;106;108;;;;101;106;107;;;;;;;;5;4;2;5;4;5;4;4;3;2;5;2;2;5;5;1;;4;;;109;104;;9;3;5;9;6;99;6;10;10;10;1965;103;103;;99;100;CO;;;735152;;;;;;;;;;;;;;;;;;;;;;1;;vestibulum in laoreet commodo consequat dui. quam sit tortor scelerisque vestibulum In et In eleifend lobortis quam. orci Vi;vestibulum in laoreet commodo consequat dui. quam sit tortor scelerisque vestibulum In et In eleifend lobortis quam. o;;;;;;;;;2,02E+11
Grupa.1;1;1159;61;Agent.11;420669165;1;20210804;4;10:08:00;2505;42;462;4;CO;1;0;0;1;0;0;;0;0;CO;1;0;PL;;JA;;;32090327;;;45;101;;350;350;112;;;;;;;;;;103;110;;;;;;;;;;;1;;;;;;;4;101;102;103;104;105;107;108;;;;101;102;103;;;;;;;;5;5;5;5;3;1;5;3;4;5;3;2;2;1;1;;5;5;;;101;;;9;3;5;99;9;2;8;4;7;8;1977;104;102;;99;100;CO;;;658725;;;;;;;;;;;;;;;;;;;;;;1;;nibh et id, lacinia. orci eu venenatis. ornare eu posuere. massa. cursus vitae sed;;;;;;;;;;2,02E+11
Grupa.1;1;1167;53;Agent.06;72287895;1;20210729;5;10:46:00;1392;23;461;1;CO;1;0;0;1;0;0;;0;0;CO;1;0;PL;;JA;;;32090344;;;127;101;;25;25;108;102;101;;;;;;;;101;102;103;104;105;106;107;108;;;4;5;4;3;3;2;2;4;;;101;102;104;106;108;;;;;;101;102;103;105;107;108;;;;;3;3;3;1;4;4;5;4;1;5;2;4;;3;;5;;2;;;200;;;5;4;10;3;9;3;4;9;4;4;1992;103;102;;99;100;CO;;;806011;;;;;248388234;;;;;;;;;;;;;;;;;1;;;;;;;;;;;;
Grupa.1;1;1177;45;Agent.02;655863219;1;20210729;5;10:53:00;2370;40;461;1;CO;1;0;0;1;0;0;;0;0;CO;1;0;PL;;JA;;;32090401;;;168;101;;15;15;108;101;105;102;;;;;;;103;104;105;106;107;108;110;;;;3;2;3;3;4;4;3;2;;1;101;103;104;106;107;;;;;;101;102;103;105;106;109;;;;;5;5;3;5;5;2;4;2;1;5;1;;5;3;;3;4;;;;109;110;;9;4;3;7;7;99;9;6;9;9;1960;104;104;;99;100;CO;;;946472;;;;;294573368;;;;;;;;;;;;;;;;;1;;gravida enim consequat malesuada in aliquet, malesuada non vestibulum molestie aliquet, egestas sollicitudin ornare consecte;gravida enim consequat malesuada in aliquet, malesuada non vestibulum molestie aliquet, egestas sollicitudin ornare co;gravida enim consequat malesuada in aliquet, malesuada non vestibulum molestie aliquet, egestas sollicitudin ornare co;;;;;;;;
Grupa.1;1;1187;61;Agent.11;62818530;1;20210729;5;11:44:00;2200;37;461;3;CO;1;0;0;1;0;0;;0;0;CO;1;0;PL;;JA;;;32090422;;;52;101;;500;500;101;108;102;;;;;;;;103;106;107;;;;;;;;1;2;4;;;4;2;2;;;101;102;103;105;106;108;;;;;101;102;103;104;106;107;109;110;;;2;5;1;5;4;2;1;1;5;4;1;5;1;;5;4;;5;;;104;;;5;8;9;7;9;9;5;5;2;4;1972;103;104;;99;100;CO;;;395373;;;;;;;;;;;;;;;;;;;;;;1;;;;;;;;;;;;2,02E+11
Grupa.1;1;1191;55;Agent.07;382565534;1;20210810;3;16:35:00;1519;25;462;6;CO;5;0;0;1;0;0;;0;0;CO;1;0;PL;;JA;;;32090428;;;65;101;;7;7;999;;;;;;;;;;101;102;103;104;105;106;107;108;;;2;1;3;3;3;1;4;2;;;101;102;103;104;105;106;108;;;;102;103;104;105;107;;;;;;5;2;1;5;1;5;4;2;2;2;1;4;4;3;1;5;;4;;;107;110;;3;10;4;9;1;7;7;5;10;4;1956;102;101;;99;100;CO;;;619327;;;;;262799622;;;;;;;;;;;;;;;;;1;;penatibus sed nibh, metus convallis Aenean vel tortor sodales Vivamus sit aptent ad tincidunt vel, in et condimentum Vivamus;penatibus sed nibh, metus convallis Aenean vel tortor sodales Vivamus sit aptent ad tincidunt vel, in et condimentum V;penatibus sed nibh, metus convallis Aenean vel tortor sodales Vivamus sit aptent ad tincidunt vel, in et condimentum V;;;;;;;;2,02E+11
Grupa.1;1;1218;55;Agent.07;299736315;1;20210804;4;11:44:00;372;6;462;7;CO;4;0;0;1;0;0;;0;0;CO;1;0;PL;;LQ;;;32090454;;;49;101;;41;41;111;;;;;;;;;;101;102;103;104;105;107;;;;;2;3;1;2;1;;2;;;;101;102;103;104;106;107;108;;;;101;102;103;106;108;;;;;;1;3;5;4;4;4;1;4;3;4;5;2;2;1;;4;5;5;;;109;103;102;9;0;7;9;7;4;8;9;3;1;1995;104;102;;99;100;CO;;;562696;;;;;;;;;;;;;;;;;;;;;;1;;sed eu libero sapien mi aliquet ornare Praesent nibh, per porttitor erat nec inceptos nascetur Suspendisse Fusce Class Proin;sed eu libero sapien mi aliquet ornare Praesent nibh, per porttitor erat nec inceptos nascetur Suspendisse Fusce Class;;;;;;;;;2,02E+11
Grupa.1;1;1230;57;Agent.09;668385140;1;20210729;5;14:25:00;804;13;461;4;CO;3;0;0;1;0;0;;0;0;CO;1;0;PL;;LQ;;;32090468;;;85;101;;21;21;111;101;108;;;;;;;;;;;;;;;;;;2;;;;;;;4;;;101;103;104;106;107;;;;;;101;102;105;106;108;109;110;;;;5;1;2;4;4;4;999;4;1;1;1;;1;5;;3;4;;;;200;;;9;6;5;6;3;4;9;2;10;2;1984;104;103;;99;100;CO;;;670948;;;;;;;;;;;;;;;;;;;;;;1;;;;;;;;;;;;2,02E+11
Grupa.1;1;1234;57;Agent.09;383567648;1;20210730;6;17:28:00;2012;34;462;3;CO;1;0;0;1;0;0;;0;0;CO;1;0;PL;;JA;;;32090474;;;70;101;;120;120;108;101;118;116;105;103;;;;;102;103;104;105;106;107;;;;;1;5;3;4;1;4;3;3;;;101;102;103;104;108;;;;;;101;102;103;105;;;;;;;1;5;1;4;4;4;1;5;2;4;4;2;5;1;;;;3;;;104;106;109;9;7;9;7;4;9;9;10;6;6;1973;102;102;;99;100;CO;;;904730;;;;;707448548;;;;;;;;;;;;;;;;;1;;egestas non Praesent sem amet tincidunt placerat. pretium varius aliquet, interdum mus. mattis a quam felis. quam Class vel,;;;;;;;;;;2,02E+11
Grupa.1;1;1242;57;Agent.09;914877787;1;20210806;6;10:31:00;1676;28;462;6;CO;4;0;0;1;0;0;;0;0;CO;1;0;PL;;JA;;;32090486;;;85;101;;448;448;108;101;;;;;;;;;;;;;;;;;;;999;;;;;;;5;;;101;102;103;106;107;108;;;;;102;103;105;106;107;;;;;;5;5;5;5;4;5;4;3;5;2;5;4;1;;;5;3;5;;;106;103;;10;5;9;4;8;9;10;7;8;2;1945;103;104;;99;100;CO;;;399718;;;;;;;;;;;;;;;;;;;;;;1;;posuere. adipiscing ut. inceptos sed lacinia turpis turpis amet euismod Nullam est. Vivamus Fusce pretium dapibus, viverra d;posuere. adipiscing ut. inceptos sed lacinia turpis turpis amet euismod Nullam est. Vivamus Fusce pretium dapibus, viv;;;;;;;;;2,02E+11
Grupa.1;1;1253;53;Agent.06;433857924;1;20210730;6;11:47:00;591;10;462;3;CO;3;0;0;1;0;0;;0;0;CO;1;0;PL;;LQ;;;32090493;;;111;101;;5;0;119;114;101;102;113;108;112;105;117;;101;102;103;106;;;;;;;1;3;4;;4;4;;4;;;101;102;103;104;105;110;;;;;101;102;103;105;106;108;;;;;2;5;5;5;4;3;4;2;5;5;5;1;4;5;5;;;;;3;104;108;;10;9;8;6;2;10;3;9;9;3;1998;103;102;;99;100;CO;;;282385;;;;;;;;;;;;;;;;;;;;;;1;;viverra et Cras condimentum. odio lacinia metus, scelerisque. maximus malesuada ornare lorem. vulputate lacinia sagittis. du;;;;;;;;;;2,02E+11
Grupa.1;1;1280;55;Agent.07;731004338;1;20210729;5;11:57:00;1187;20;461;1;CO;1;0;0;1;0;0;;0;0;CO;1;0;PL;;JA;;;32090559;;;72;101;;68;68;101;108;117;;;;;;;;101;103;105;;;;;;;;4;;4;;3;;;3;;;101;102;103;104;107;108;110;;;;101;102;103;105;110;;;;;;1;1;5;4;2;2;1;2;2;3;5;5;4;1;;;4;4;;3;106;104;;7;2;10;6;9;10;3;7;6;10;1975;104;103;;99;100;CO;;;316904;;;;;;;;;;;;;;;;;;;;;;1;;;;;;;;;;;;
Grupa.1;1;1301;57;Agent.09;171956714;1;20210803;3;12:22:00;1833;31;462;6;CO;2;0;0;1;0;0;;0;0;CO;1;0;PL;;JA;;;32090673;;;133;101;;315;315;105;108;;;;;;;;;101;102;103;104;105;106;107;108;;;4;4;5;2;2;2;4;2;;;101;103;104;105;106;107;;;;;103;104;105;;;;;;;;5;5;5;5;2;3;4;1;5;2;5;;5;5;3;2;3;;;;101;105;;10;7;8;1;4;10;10;10;5;6;1988;104;104;;99;100;CO;;;892618;;;;;274043845;;;;;;;;;;;;;;;;;1;;amet, aliquet facilisis tortor vitae neque, ad cursus per Donec Sed diam neque sed ornare sapien, turpis sagittis diam himen;;;;;;;;;;2,02E+11
Grupa.1;1;1311;47;Agent.03;571102753;1;20210730;6;12:47:00;1428;24;462;4;CO;3;0;0;1;0;0;;0;0;CO;1;0;PL;;LQ;;;32090697;;;166;101;;126;126;999;;;;;;;;;;102;103;105;106;;;;;;;;1;1;;5;2;;;;;101;102;103;104;105;106;107;108;109;;101;103;104;105;106;;;;;;5;5;4;4;2;3;4;3;3;2;5;2;1;3;4;1;1;2;4;;105;102;104;2;8;8;2;7;5;9;8;6;8;1989;103;104;;99;100;CO;;;338518;;;;;;;;;;;;;;;;;;;;;;1;;lobortis. volutpat, a id dui. nisl amet, parturient tincidunt placerat. sem quam scelerisque. Suspendisse mattis diam sollic;;;;;;;;;;2,02E+11
Grupa.1;1;1319;51;Agent.05;561068728;1;20210802;2;11:04:00;1761;29;462;5;CO;1;0;0;1;0;0;;0;0;CO;1;0;PL;;JA;;;32090745;;;68;101;;130;130;117;108;101;102;;;;;;;102;104;106;107;110;;;;;;2;3;;2;;3;4;5;;1;101;102;103;105;106;107;;;;;101;104;106;;;;;;;;2;5;5;5;1;4;1;4;3;2;4;1;1;;3;4;1;;;;108;102;;9;3;5;7;9;9;7;6;6;1;1968;104;103;;99;100;CO;;;571017;;;;;831795942;;;;;;;;;;;;;;;;;1;;sit ultrices, metus, condimentum. ultrices, et sapien. amet sed vel lorem. eleifend quis Donec porta;;;;;;;;;;2,02E+11
Grupa.1;1;1323;45;Agent.02;874465209;1;20210809;2;14:04:00;1211;20;462;10;CO;2;0;0;1;0;0;;0;0;CO;1;0;PL;;JA;;;32090760;;;4;101;;170;190;999;;;;;;;;;;;;;;;;;;;;;;;;;;;;;;101;102;103;105;106;;;;;;101;102;103;104;105;107;108;;;;5;3;1;4;3;5;4;4;1;3;4;1;1;;5;4;;;;;101;102;103;8;4;9;9;6;10;10;6;1;7;1991;104;104;;99;100;CO;;;654215;;;;;;500548913;;;;;;;;;;;;;;;;1;;;;;;;;;;;;2,02E+11
Grupa.1;1;1336;45;Agent.02;785687648;1;20210729;5;12:34:00;1801;30;461;1;CO;1;0;0;1;0;0;;0;0;CO;1;0;PL;;JA;;;32090782;;;125;101;;7;7;117;118;;;;;;;;;103;104;107;109;;;;;;;;;2;5;;;999;;4;;101;102;103;104;105;106;108;;;;101;103;105;106;107;;;;;;1;5;4;4;4;5;1;4;1;2;1;2;1;2;2;4;;4;;;110;102;;10;7;0;1;6;9;1;9;4;4;1994;104;104;;99;100;CO;;;915673;;;;;;;;;;;;;;;;;;;;;;1;;;;;;;;;;;;
Grupa.1;1;1344;53;Agent.06;867181992;1;20210804;4;16:22:00;1500;25;462;6;CO;2;0;0;1;0;0;;0;0;CO;1;0;PL;;JA;;;32090820;;;90;101;;450,1;500;108;105;101;;;;;;;;101;102;103;105;106;108;;;;;2;2;1;;2;5;;1;;;101;102;103;105;106;107;108;;;;101;103;104;105;107;108;;;;;2;5;1;1;2;3;4;3;5;2;5;2;2;;2;2;1;2;;;102;107;104;7;6;2;6;9;9;4;3;3;7;1980;104;102;;99;100;CO;;;515813;;;;;316625348;672815069;;;;;;;;;;;;;;;;1;;egestas consectetur Donec volutpat, Cras in lectus sed libero luctus, Lorem ornare penatibus consectetur ultrices, eu amet,;;;;;;;;;;2,02E+11
Grupa.1;1;1357;51;Agent.05;517744433;1;20210804;4;14:28:00;1617;27;462;9;CO;8;0;0;1;0;0;;0;0;CO;1;0;PL;;JA;;;32090843;;;82;101;;55;55;108;102;104;101;;;;;;;101;106;;;;;;;;;2;3;;3;;3;;1;;;101;105;106;107;108;;;;;;101;103;105;106;107;108;;;;;2;5;4;5;1;2;4;4;2;5;5;;;;5;3;4;3;;;101;105;;9;10;3;7;2;8;3;3;4;7;1968;104;101;;99;100;CO;;;732373;;;;;234312324;;;;;;;;;;;;;;;;;1;;venenatis. Cras elit. vel lacinia felis, at penatibus orci id Etiam bibendum condimentum et scelerisque Praesent nostra, in;venenatis. Cras elit. vel lacinia felis, at penatibus orci id Etiam bibendum condimentum et scelerisque Praesent nostr;;;;;;;;;2,02E+11
Grupa.1;1;1358;114;Agent.13;734151880;1;20210810;3;15:57:00;1651;28;462;6;CO;6;0;0;1;0;0;;0;0;CO;1;0;PL;;JA;;;32090850;;;72;101;;200;200;999;;;;;;;;;;102;103;104;105;106;107;110;;;;;5;2;5;4;3;4;;;3;101;102;105;108;;;;;;;101;103;106;108;;;;;;;1;5;4;4;1;3;4;2;5;5;4;1;;;4;;;5;;;103;101;;3;4;2;9;9;10;9;5;6;5;1966;103;101;;99;100;CO;;;596924;;;;;;;;;;;;;;;;;;;;;;1;;lobortis. taciti elit. Fusce fringilla;lobortis. taciti elit. Fusce fringilla vestibulum lorem. sit massa. leo vestibulum platea non;;;;;;;;;
Grupa.1;1;1360;53;Agent.06;445486632;1;20210802;2;14:47:00;1558;26;462;4;CO;3;0;0;1;0;0;;0;0;CO;1;0;PL;;JA;;;32090866;;;107;101;;406;400;999;;;;;;;;;;101;105;108;;;;;;;;3;;;;2;;;4;;;102;103;104;109;;;;;;;102;104;;;;;;;;;5;2;5;3;5;1;2;4;5;1;;3;1;5;;;;;5;;104;;;1;4;5;7;2;5;9;3;3;10;1962;104;104;;99;100;CO;;;467115;;;;;;;;;;;;;;;;;;;;;;1;;est. lobortis montes, tortor consectetur nisi. sit consectetur ad sed sociosqu Fusce luctus. in amet, elit. Proin Phasellus;est. lobortis montes, tortor consectetur nisi. sit consectetur ad sed sociosqu Fusce luctus. in amet, elit. Proin Phas;;;;;;;;;2,02E+11
Grupa.1;1;1364;57;Agent.09;447925657;1;20210810;3;09:19:00;1488;25;462;8;CO;3;0;0;1;0;0;;0;0;CO;1;0;PL;;JA;;;32090884;;;62;101;;100;100;999;;;;;;;;;;101;102;;;;;;;;;2;5;;;;;;;;;101;102;103;105;107;;;;;;101;102;103;104;105;106;107;108;;;5;2;5;5;5;2;1;4;4;3;4;5;2;;4;;5;;;;109;103;;7;9;10;5;4;10;2;9;9;6;1976;104;104;;99;100;CO;;;231054;;;;;;;;;;;;;;;;;;;;;;1;;Phasellus Fusce tortor a mauris lobortis tincidunt. dictumst. pellentesque finibus ad Donec a conubia non vulputate, at mus.;Phasellus Fusce tortor a mauris lobortis tincidunt. dictumst. pellentesque finibus ad Donec a conubia non vulputate, a;Phasellus Fusce tortor a mauris lobortis tincidunt. dictumst. pellentesque finibus ad Donec a conubia non vulputate, a;;;;;;;;2,02E+11
Grupa.1;1;1368;55;Agent.07;263963465;1;20210730;6;14:33:00;983;16;462;3;CO;2;0;0;1;0;0;;0;0;CO;1;0;PL;;LQ;;;32090889;;;196;101;;22;22;108;101;;;;;;;;;102;103;104;107;;;;;;;2;3;2;3;;;2;2;;;102;103;104;105;106;107;108;;;;102;103;104;105;106;;;;;;1;5;5;4;2;3;4;1;1;5;;1;1;3;2;2;1;3;;;107;102;110;8;6;1;7;7;9;5;3;10;10;1971;103;105;;99;100;CO;;;857921;;;;;;;;;;;;;;;;;;;;;;1;;erat in eget pellentesque Fusce ultrices, ut Class vehicula. conubia vel, semper amet, et per ad in. vel sit In lectus, mont;erat in eget pellentesque Fusce ultrices, ut Class vehicula. conubia vel, semper amet, et per ad in. vel sit In;;;;;;;;;2,02E+11
Grupa.1;1;1371;51;Agent.05;831246502;1;20210806;6;14:49:00;1607;27;462;7;CO;1;0;0;1;0;0;;0;0;CO;1;0;PL;;JA;;;32090896;;;128;101;;45;45;999;;;;;;;;;;101;102;103;104;105;106;107;108;;;5;1;3;3;2;1;4;2;;;101;102;103;106;109;110;;;;;101;103;107;108;;;;;;;5;5;5;5;2;3;4;3;4;3;4;2;2;;;5;;;3;4;104;105;;10;3;3;4;8;3;1;3;8;8;1973;104;105;;99;100;CO;;;307140;;;;;631651124;;;;;;;;;;;;;;;;;1;;ut. ante. suscipit turpis, tincidunt sociosqu condimentum In consectetur. Donec sociosqu lorem. nec commodo, lorem.;;;;;;;;;;2,02E+11
Grupa.1;1;1375;53;Agent.06;454596732;1;20210802;2;15:19:00;1607;27;462;4;CO;3;0;0;1;0;0;;0;0;CO;1;0;PL;;JA;;;32090899;;;75;101;;22,6;22,6;102;115;;;;;;;;;101;103;106;108;;;;;;;1;3;5;;;4;;3;;;102;103;104;105;107;108;;;;;101;102;103;105;;;;;;;1;2;5;5;2;4;5;4;3;1;;2;4;2;4;;1;2;;;106;;;5;0;3;3;10;2;9;7;2;4;1984;104;101;;99;100;CO;;;293990;;;;;;;;;;;;;;;;;;;;;;1;;ex egestas mus. elit, malesuada quam. condimentum sapien Donec erat sodales venenatis a velit condimentum Donec laoreet diam;;;;;;;;;;2,02E+11
Grupa.1;1;1387;55;Agent.07;100679868;1;20210802;2;17:05:00;1494;25;462;3;CO;1;0;0;1;0;0;;0;0;CO;1;0;PL;;JA;;;32090935;;;96;101;;25;25;101;108;104;106;103;118;;;;;103;104;106;107;110;;;;;;3;;4;3;;3;2;4;;1;101;103;104;105;106;108;;;;;101;103;105;;;;;;;;5;3;1;4;1;5;4;5;2;3;3;;4;2;1;1;;1;;;105;;;10;1;1;3;8;10;6;5;3;10;1995;104;104;;99;100;CO;;;819581;;;;;;;;;;;;;;;;;;;;;;1;;felis. ad luctus. aptent Cras lorem. placerat. Vivamus a aptent condimentum. pretium orci gravida consequat sociosqu amet pr;felis. ad luctus. aptent Cras lorem. placerat. Vivamus a aptent condimentum. pretium orci gravida consequat sociosqu a;;;;;;;;;2,02E+11
Grupa.1;1;1393;61;Agent.11;799973681;1;20210730;6;11:22:00;2344;39;462;2;CO;2;0;0;1;0;0;;0;0;CO;1;0;PL;;JA;;;32091044;;;107;101;;20;20;108;102;101;105;;;;;;;101;107;;;;;;;;;4;3;;;3;;4;3;;;101;102;104;105;107;;;;;;101;102;104;105;106;107;108;;;;5;5;2;5;4;1;1;1;1;1;2;4;;2;1;;2;;;;101;106;;9;7;9;0;3;8;10;5;3;2;1976;101;104;;99;100;CO;;;264475;;;;;;;;;;;;;;;;;;;;;;1;;;;;;;;;;;;
Grupa.1;1;1403;61;Agent.11;854334298;1;20210803;3;18:53:00;10;0;462;7;CO;3;0;0;1;0;0;;0;0;CO;1;0;PL;;LQ;;;32091077;;;33;101;;1 100,00;1150;108;101;118;116;105;103;;;;;103;105;106;107;108;;;;;;3;;3;;3;4;2;3;;;101;102;103;105;106;;;;;;101;102;103;104;105;;;;;;3;5;5;1;2;3;1;2;3;5;4;4;4;;3;3;;;;;105;103;;2;9;10;0;7;3;1;7;9;7;1983;104;104;;99;100;CO;;;584597;;;;;;;;;;;;;;;;;;;;;;1;;non Cras lorem. diam elit lacinia nisi. tempus dui ultrices, Phasellus elit. tincidunt maximus ad sed varius in sed taciti e;;;;;;;;;;2,02E+11
Grupa.1;1;1404;53;Agent.06;306562012;1;20210812;5;15:35:00;1764;29;462;15;CO;10;0;0;1;0;0;;0;0;CO;1;0;PL;;JA;;;32091095;;;124;101;;6;6;117;118;;;;;;;;;103;104;105;106;107;;;;;;;;1;4;4;3;3;;;;102;104;105;106;107;108;;;;;101;102;103;104;106;107;;;;;5;5;4;2;3;3;5;3;2;4;;1;;1;1;2;3;4;;;110;102;;6;7;1;1;5;4;8;3;10;2;1966;104;104;;99;100;CO;;;440628;;;;;;;;;;;;;;;;;;;;;;1;;condimentum. mattis auctor hac eget, vulputate, Aenean id venenatis. dui dolor blandit eu turpis, volutpat, orci. fringilla;;;;;;;;;;2,02E+11
Grupa.1;1;1412;61;Agent.11;897635183;1;20210804;4;15:06:00;1277;21;462;3;CO;2;0;0;1;0;0;;0;0;CO;1;0;PL;;JA;;;32091114;;;55;101;;290;290;108;106;119;;;;;;;;101;102;103;105;108;110;;;;;4;5;1;;1;4;;4;;2;101;102;104;105;107;;;;;;101;103;104;105;108;;;;;;5;1;5;1;2;1;1;1;1;1;2;2;;3;2;;3;;;;103;;;9;9;3;5;2;9;1;3;7;4;1961;104;103;;99;100;CO;;;516786;;;;;456746405;;;;;;;;;;;;;;;;;1;;ultrices, viverra amet, parturient ac dictum sem in diam vel litora vitae massa. molestie elementum maximus taciti porttitor;;;;;;;;;;2,02E+11
Grupa.1;1;1419;47;Agent.03;225552498;1;20210730;6;16:40:00;2086;35;462;2;CO;1;0;0;1;0;0;;0;0;CO;1;0;PL;;JA;;;32091169;;;222;101;;10;10;108;101;105;102;;;;;;;101;102;103;104;105;106;107;108;;;4;3;5;4;4;2;4;2;;;102;103;105;106;107;108;;;;;101;102;105;106;107;108;;;;;5;2;1;5;5;2;4;1;3;1;;5;1;;5;5;3;4;;;104;107;108;9;10;1;1;10;8;7;4;3;9;1975;104;103;;99;100;CO;;;312004;;;;;;;;;;;;;;;;;;;;;;1;;non ultrices, in elementum Mauris condimentum. leo In Pellentesque quam Fusce ultrices, ultrices, aliquet, ornare elit, et P;;;;;;;;;;2,02E+11
Grupa.1;1;1430;61;Agent.11;284616266;1;20210805;5;14:02:00;1216;20;462;6;CO;3;0;0;1;0;0;;0;0;CO;1;0;PL;;LQ;;;32091209;;;58;101;;3 500,00;3200;103;108;101;102;106;;;;;;102;103;104;106;107;110;;;;;3;5;2;1;;3;3;1;;1;101;102;103;105;;;;;;;101;103;104;;;;;;;;4;5;5;1;4;4;4;3;4;2;2;4;4;;3;;;;;;102;110;;8;8;1;1;9;9;1;1;3;2;1971;104;105;;99;100;CO;;;755101;;;;;;;;;;;;;;;;;;;;;;1;;;;;;;;;;;;2,02E+11
Grupa.1;1;1438;61;Agent.11;735233172;1;20210810;3;14:22:00;548;9;462;18;CO;17;0;0;1;0;0;;0;0;CO;1;0;PL;;LQ;;;32091219;;;88;101;;200;200;999;;;;;;;;;;103;104;107;108;109;;;;;;;;3;3;;;3;4;1;;101;102;103;104;105;106;107;108;;;101;103;104;105;108;109;;;;;2;5;5;3;4;4;1;4;1;4;5;2;2;2;2;3;1;3;;;105;;;7;8;9;2;4;8;9;7;1;8;1981;103;102;;99;100;CO;;;387796;;;;;;;;;;;;;;;;;;;;;;1;;sapien. condimentum. convallis Praesent quam sed scelerisque. metus, euismod a laoreet quis pellentesque Fusce malesuada a c;sapien. condimentum. convallis Praesent quam sed scelerisque. metus, euismod a laoreet quis pellentesque Fusce malesua;sapien. condimentum. convallis Praesent quam sed scelerisque. metus, euismod a laoreet quis pellentesque Fusce malesua;;;;;;;;2,02E+11
Grupa.1;1;1439;114;Agent.13;142404867;1;20210730;6;14:40:00;1844;31;462;4;CO;2;0;0;1;0;0;;0;0;CO;1;0;PL;;JA;;;32091239;;;154;101;;35,6;35,6;115;108;114;112;117;;;;;;103;105;106;;;;;;;;;;1;;2;1;;2;;;101;102;103;110;;;;;;;101;102;103;104;106;;;;;;2;4;3;2;3;4;1;4;1;5;1;3;3;;;;;;;4;108;;;1;8;6;9;8;10;1;2;10;4;1969;103;103;;99;100;CO;;;844683;;;;;;;;;;;;;;;;;;;;;;1;;;;;;;;;;;;2,02E+11
Grupa.1;1;1440;59;Agent.10;924074570;1;20210809;2;11:07:00;2008;33;462;7;CO;2;0;0;1;0;0;;0;0;CO;1;0;PL;;JA;;;32091245;;;256;101;;100,1;100,1;112;;;;;;;;;;;;;;;;;;;;;;;;;;;;;;101;102;103;104;106;107;;;;;102;103;104;107;108;110;;;;;5;4;1;5;2;4;2;2;1;3;5;5;3;2;;3;2;;;;104;;;8;3;10;8;8;4;4;3;3;9;1982;104;103;;99;100;CO;;;539998;;;;;835687915;;;;;;;;;;;;;;;;;1;;amet adipiscing eu lorem. per natoque auctor mattis habitasse a lobortis libero velit, erat Fusce tincidunt blandit mattis e;amet adipiscing eu lorem. per natoque auctor mattis habitasse a lobortis libero velit, erat Fusce tincidunt blandit ma;;;;;;;;;2,02E+11
Grupa.1;1;1450;47;Agent.03;337113428;1;20210805;5;15:15:00;2266;38;462;7;CO;3;0;0;1;0;0;;0;0;CO;1;0;PL;;JA;;;32091257;;;83;101;;20;20;999;;;;;;;;;;101;102;103;104;105;106;107;108;;;2;3;4;4;1;2;3;4;;;101;102;103;105;106;107;;;;;102;104;109;110;;;;;;;1;5;5;4;1;4;4;2;4;4;1;3;4;;2;3;2;;;;101;109;110;2;9;6;4;3;10;6;4;7;5;1972;104;103;;99;100;CO;;;448733;;;;;;;;;;;;;;;;;;;;;;1;;lectus, Proin litora dui ornare luctus, sed turpis vel vitae condimentum libero sit suscipit non ut vestibulum ut nec adipis;;;;;;;;;;2,02E+11
Grupa.1;1;1462;57;Agent.09;830212371;1;20210730;6;13:38:00;0;0;462;6;CO;1;0;0;1;0;0;;0;0;;1;0;PL;;JA;;;32091292;;;48;101;;5;5;101;108;;;;;;;;;101;103;104;105;106;107;108;;;;4;;1;2;2;4;3;3;;;101;102;103;105;106;;;;;;101;103;;;;;;;;;1;2;5;1;5;5;4;1;2;1;3;3;2;;1;5;;;;;101;;;2;7;0;8;10;9;9;6;3;4;1975;104;101;;99;100;CO;;;509255;;;;;868138850;;;;;;;;;;;;;;;;;1;;tellus vitae Phasellus non In Class eleifend condimentum leo. eu nulla volutpat, odio id, non Donec convallis dui a diam;;;;;;;;;;2,02E+11
Grupa.1;1;1475;57;Agent.09;509173483;1;20210729;5;14:56:00;1741;29;461;1;CO;1;0;0;1;0;0;;0;0;CO;1;0;PL;;JA;;;32091322;;;133;101;;220;220;108;105;;;;;;;;;102;104;105;;;;;;;;;4;;2;2;;;2;;;101;102;103;106;108;;;;;;102;103;104;105;106;;;;;;5;1;4;3;4;3;3;4;1;1;2;5;4;;;3;;4;;;103;;;9;10;5;1;1;10;3;3;8;2;1977;103;103;;99;100;CO;;;424463;;;;;;;;;;;;;;;;;;;;;;1;;;;;;;;;;;;
Grupa.1;1;1485;63;Agent.12;219650770;1;20210804;4;15:08:00;1444;24;462;8;CO;1;0;0;1;0;0;;0;0;CO;1;0;PL;;JA;;;32091334;;;90;101;;28;28;115;;;;;;;;;;103;104;106;107;;;;;;;;;5;5;;5;3;;;;101;103;106;107;108;;;;;;101;102;106;107;;;;;;;5;5;5;5;3;4;4;4;4;4;4;;1;;;1;5;2;;;107;106;;9;7;4;9;9;9;7;7;6;7;1982;103;103;;99;100;CO;;;311793;;;;;796205141;;;;;;;;;;;;;;;;;1;;pretium commodo, scelerisque vestibulum et dictum quis Aliquam tincidunt tincidunt orci. lorem. euismod et sollicitudin vita;;;;;;;;;;2,02E+11
Grupa.1;1;1486;51;Agent.05;728338675;1;20210804;4;13:55:00;1770;30;462;5;CO;2;0;0;1;0;0;;0;0;CO;1;0;PL;;JA;;;32091338;;;68;101;;1 000,00;1000;117;;;;;;;;;;102;103;105;106;107;109;;;;;;2;4;;2;2;5;;2;;101;102;105;106;109;;;;;;101;104;106;109;110;;;;;;5;1;4;3;4;3;1;4;4;5;2;5;;;2;3;;;1;;106;;;9;9;8;3;10;8;9;5;3;3;1987;104;104;;99;100;CO;;;277990;;;;;819935815;;;;;;;;;;;;;;;;;1;;suscipit faucibus tortor eu convallis himenaeos. euismod lacinia. quam et molestie non sagittis;;;;;;;;;;2,02E+11
Grupa.1;1;1490;63;Agent.12;794777877;1;20210730;6;17:04:00;1499;25;462;3;CO;2;0;0;1;0;0;;0;0;CO;1;0;PL;;JA;;;32091415;;;76;101;;110;110;108;101;;;;;;;;;102;104;106;107;;;;;;;1;5;;2;;4;4;2;;;101;102;103;105;;;;;;;101;102;103;105;106;107;108;;;;1;5;1;4;1;4;5;3;1;2;2;3;3;;4;;;;;;106;105;;8;2;9;3;8;9;10;3;5;8;1973;103;105;;99;100;CO;;;868152;;;;;;;;;;;;;;;;;;;;;;1;;nascetur In Orci laoreet interdum convallis ornare at orci quis inceptos egestas interdum amet, sit platea porta vehicula. a;;;;;;;;;;2,02E+11
Grupa.1;1;1491;51;Agent.05;143201168;1;20210730;6;10:13:00;2618;44;462;1;CO;1;0;0;1;0;0;;0;0;CO;1;0;PL;;JA;;;32091418;;;91;101;;100;100;108;105;;;;;;;;;101;102;103;104;105;106;107;108;;;2;3;3;3;4;2;1;4;;;101;102;103;104;106;107;;;;;101;102;104;105;106;107;108;;;;4;4;5;4;1;3;1;4;3;3;2;4;4;5;;2;5;;;;107;103;;9;8;10;8;5;8;9;5;6;8;1968;104;104;;99;100;CO;;;783514;;;;;;;;;;;;;;;;;;;;;;;;taciti sapien. est Fusce lacinia. justo porttitor taciti Sed in condimentum quam Fusce sit ultrices, Fusce euismod aliquam.;;;;;;;;;;
Grupa.1;1;1501;63;Agent.12;861022831;1;20210802;2;14:14:00;1705;28;462;3;CO;1;0;0;1;0;0;;0;0;CO;1;0;PL;;JA;;;32091426;;;55;101;;154;154;104;114;105;108;;;;;;;102;103;104;107;;;;;;;;2;4;5;1;;2;1;;;101;102;103;105;106;107;;;;;103;104;;;;;;;;;2;1;3;1;5;2;4;2;2;2;1;4;5;;5;5;5;;;;101;105;107;9;8;10;6;7;9;3;4;6;8;1966;104;105;;99;100;CO;;;613483;;;;;;;;;;;;;;;;;;;;;;1;;;;;;;;;;;;2,02E+11
Grupa.1;1;1504;47;Agent.03;980095875;1;20210730;6;11:17:00;392;7;462;2;CO;2;0;0;1;0;0;;0;0;CO;1;0;PL;;LQ;;;32091432;;;384;101;;103;103;999;;;;;;;;;;101;102;103;104;105;107;;;;;4;5;2;4;3;;5;;;;103;105;106;107;109;110;;;;;101;102;105;107;;;;;;;1;5;4;3;3;1;4;5;3;1;;;4;;2;1;5;;2;5;109;102;107;8;6;8;1;3;8;9;4;7;5;1967;104;102;;99;100;CO;;;462665;;;;;652566598;;;;;;;;;;;;;;;;;1;;aliquam. mus. Suspendisse Fusce id vehicula. Cras suscipit vestibulum nisi. Etiam ut In id aliquet, sit eu hac consequat sap;;;;;;;;;;2,02E+11
Grupa.1;1;1508;63;Agent.12;847593477;1;20210802;2;11:35:00;3445;57;462;4;CO;2;0;0;1;0;0;;0;0;CO;1;0;PL;;JA;;;32091434;;;1337;101;;165;165;108;101;104;103;;;;;;;101;102;103;104;105;106;107;108;;;3;3;2;3;5;1;4;2;;;101;102;103;104;105;106;107;108;;;101;103;104;105;106;107;108;;;;5;5;5;4;1;4;4;1;2;4;5;3;3;1;5;4;2;3;;;110;106;;6;4;9;9;6;10;9;1;10;5;1976;104;103;;99;100;CO;;;977776;;;;;;;;;;;;;;;;;;;;;;1;;;;;;;;;;;;2,02E+11
Grupa.1;1;1514;114;Agent.13;626571056;1;20210812;5;15:35:00;2458;41;462;11;CO;8;0;0;1;0;0;;0;0;CO;1;0;PL;;JA;;;32091444;;;45;101;;30,5;30,5;108;107;102;113;118;112;106;;;;101;102;103;104;105;106;107;108;;;4;5;4;5;1;1;5;4;;;101;102;103;104;105;106;108;;;;102;103;105;108;;;;;;;5;4;4;5;4;4;1;4;3;2;4;5;2;1;4;4;;1;;;104;;;10;8;9;4;6;8;9;5;4;7;1989;104;104;;99;100;CO;;;480554;;;;;;;;;;;;;;;;;;;;;;1;;metus, conubia ad egestas maximus euismod porta et scelerisque tortor velit et laoreet lacinia lorem. nec eu himenaeos.;;;;;;;;;;2,02E+11
Grupa.1;1;1540;114;Agent.13;311163567;1;20210812;5;16:17:00;97;2;462;6;CO;3;0;0;1;0;0;;0;0;CO;1;0;PL;;JA;;;32091481;;;28;101;;370;370;104;114;106;108;;;;;;;101;102;104;105;106;108;109;;;;1;4;;4;2;2;;2;1;;102;103;104;105;107;;;;;;101;102;105;106;;;;;;;5;4;4;3;2;3;5;4;4;5;;3;1;2;5;;5;;;;108;107;;5;7;2;9;7;9;10;9;7;4;1954;104;104;;99;100;CO;;;660271;;;;;384407444;;;;;;;;;;;;;;;;;1;;orci montes, gravida nulla tortor Class Vivamus nisl et et eu quis sociosqu enim Integer vitae in Cras bibendum bibendum non;;;;;;;;;;2,02E+11
Grupa.1;1;1562;45;Agent.02;352832229;1;20210809;2;14:38:00;1978;33;462;9;CO;2;0;0;1;0;0;;0;0;CO;1;0;PL;;JA;;;32091552;;;438;101;;8;8;108;;;;;;;;;;103;104;105;106;107;;;;;;;;1;3;4;5;1;4;;;101;102;104;106;108;109;;;;;103;105;108;109;;;;;;;1;4;5;5;3;4;4;5;2;3;5;1;;2;;1;;1;1;;102;110;;10;2;8;5;0;6;1;8;6;8;1988;103;104;;99;100;CO;;;104399;;;;;824312073;;;;;;;;;;;;;;;;;1;;euismod metus, non lacinia tellus massa. non viverra libero porttitor pellentesque id, leo Donec aliquam. libero est. mi lac;;;;;;;;;;2,02E+11
Grupa.1;1;1583;53;Agent.06;394586955;1;20210802;2;10:40:00;1579;26;462;3;CO;2;0;0;1;0;0;;0;0;CO;1;0;PL;;JA;;;32091623;;;47;101;;65,1;65,1;108;106;101;114;105;;;;;;103;104;105;106;107;;;;;;3;;3;5;2;2;2;3;;;101;103;105;106;107;;;;;;101;102;103;105;106;108;;;;;3;5;3;4;4;2;1;4;2;1;4;;5;;3;2;1;;;;105;106;;10;10;5;4;3;7;5;1;7;6;1983;104;102;;99;100;CO;;;840542;;;;;;;;;;;;;;;;;;;;;;1;;;;;;;;;;;;2,02E+11
Grupa.1;1;1589;53;Agent.06;936185655;1;20210730;6;13:35:00;1659;28;462;2;CO;1;0;0;1;0;0;;0;0;CO;1;0;PL;;JA;;;32091639;;;86;101;;75;75;999;;;;;;;;;;101;102;103;104;105;106;107;108;;;2;2;2;2;2;5;5;4;;;101;102;103;104;105;106;107;;;;102;104;106;108;109;110;;;;;4;5;5;2;4;3;4;5;1;1;5;2;5;4;1;4;3;;;;107;108;104;7;4;3;6;6;9;9;10;2;5;1978;104;104;;99;100;CO;;;598617;;;;;;;;;;;;;;;;;;;;;;1;;;;;;;;;;;;2,02E+11
Grupa.1;1;1593;55;Agent.07;219248321;1;20210730;6;11:45:00;2005;33;462;1;CO;1;0;0;1;0;0;;0;0;CO;1;0;PL;;JA;;;32091662;;;487;101;;55,3;55,3;109;;;;;;;;;;103;104;105;106;107;;;;;;;;2;5;2;3;5;;4;;101;102;103;104;108;109;110;;;;101;103;104;105;106;107;108;;;;4;5;4;2;4;3;4;5;5;1;3;5;3;1;;;;3;3;1;109;;;9;5;8;6;0;7;3;7;1;10;1980;104;103;;99;100;CO;;;431657;;;;;;;;;;;;;;;;;;;;;;1;;;;;;;;;;;;
Grupa.1;1;1599;45;Agent.02;234593958;1;20210804;4;10:37:00;2036;34;462;9;CO;2;0;0;1;0;0;;0;0;CO;1;0;PL;;JA;;;32091668;;;9;101;;2 774,00;2774;114;101;;;;;;;;;101;102;103;104;106;107;;;;;2;3;3;4;;2;3;;;;101;102;103;105;106;107;108;;;;103;107;109;110;;;;;;;1;4;4;5;5;4;4;4;2;4;5;1;3;;5;1;2;5;;;104;102;;2;1;1;9;7;9;9;10;7;9;1988;104;105;;99;100;CO;;;738074;;;;;362577786;;;;;;;;;;;;;;;;;1;;vel orci pretium sagittis. Cras faucibus sagittis per sit malesuada est, litora elementum, elit. cursus viverra nec non comm;;;;;;;;;;2,02E+11
Grupa.1;1;1605;57;Agent.09;470348337;1;20210810;3;11:05:00;1282;21;462;12;CO;3;0;0;1;0;0;;0;0;CO;1;0;PL;;LQ;;;32091683;;;80;101;;85;85;999;;;;;;;;;;102;103;104;105;106;107;;;;;;4;2;2;1;3;4;;;;101;102;103;105;106;108;;;;;101;102;106;107;;;;;;;3;5;5;3;1;3;2;4;1;1;1;2;3;;5;4;;5;;;101;103;;9;3;6;8;10;7;9;9;7;1;1956;104;103;;99;100;CO;;;923801;;;;;7106954;;;;;;;;;;;;;;;;;1;;Integer laoreet vitae varius Phasellus in sapien. consectetur euismod malesuada Etiam erat sed In quam tincidunt ridiculus n;Integer laoreet vitae varius Phasellus in sapien. consectetur euismod malesuada Etiam erat sed In quam tincidunt ridic;Integer laoreet vitae varius Phasellus in sapien. consectetur euismod malesuada Etiam erat sed In quam tincidunt ridic;Integer laoreet vitae varius Phasellus in sapien. consectetur euismod malesuada Etiam erat sed In quam tincidunt r;;;;;;;2,02E+11
Grupa.1;1;1612;53;Agent.06;219776978;1;20210730;6;13:32:00;99;2;462;2;CO;2;0;0;1;0;0;;0;0;CO;1;0;PL;;JA;;;32091692;;;62;101;;62;62;104;114;106;108;;;;;;;110;;;;;;;;;;;;;2;;4;;1;;1;101;102;105;106;107;;;;;;102;105;106;108;109;;;;;;5;4;1;5;4;2;4;4;4;5;5;1;;;3;3;4;;;;107;110;;8;5;1;1;2;8;2;8;7;1;1958;104;102;;99;100;CO;;;961340;;;;;852364800;;;;;;;;;;;;;;;;;1;;;;;;;;;;;;
Grupa.1;1;1626;45;Agent.02;575849639;1;20210812;5;14:39:00;1670;28;462;9;CO;2;0;0;1;0;0;;0;0;CO;1;0;PL;;JA;;;32091708;;;73;101;;36;36;108;102;101;105;;;;;;;101;103;104;105;109;;;;;;3;2;5;2;5;;;2;4;;101;102;103;104;105;106;107;;;;101;102;103;104;105;106;108;;;;5;1;1;4;5;3;3;2;3;2;2;5;4;4;3;3;3;;;;101;103;;8;7;1;7;8;4;10;8;2;4;1965;104;104;;99;100;CO;;;636724;;;;;;;;;;;;;;;;;;;;;;1;;leo. sit elit id placerat. odio tortor dis;;;;;;;;;;2,02E+11
Grupa.1;1;1634;61;Agent.11;886543605;1;20210803;3;15:22:00;3466;58;462;5;CO;1;0;0;1;0;0;;0;0;CO;1;0;PL;;JA;;;32091750;;;814;101;;15;15;108;116;101;105;106;;;;;;;;;;;;;;;;2;;;;2;4;;5;;;101;102;103;104;105;106;107;108;;;101;103;104;105;106;107;108;;;;2;5;5;5;4;4;2;2;3;3;4;3;3;4;1;3;5;1;;;110;108;104;6;8;8;8;8;9;9;7;10;4;1997;104;103;;99;100;CO;;;485919;;;;;41356262;;;;;;;;;;;;;;;;;1;;luctus, sagittis. vel In et Phasellus est, orci. ipsum, Fusce lacinia vulputate quam tincidunt lorem. Praesent vitae element;;;;;;;;;;2,02E+11
Grupa.1;1;1649;114;Agent.13;311484453;1;20210805;5;10:03:00;1012;17;462;9;CO;9;0;0;1;0;0;;0;0;CO;1;0;PL;;LQ;;;32091773;;;4;101;;53;53;101;105;106;;;;;;;;;;;;;;;;;;4;;;;1;5;;;;;101;103;107;108;;;;;;;101;103;104;105;106;107;;;;;3;5;5;5;5;4;4;3;1;5;3;;1;;;;2;5;;;106;108;103;3;10;9;1;7;8;5;7;4;8;1989;104;104;;99;100;CO;;;840284;;;;;881776735;;;;;;;;;;;;;;;;;2;;;;;;;;;;;;2,02E+11
Grupa.1;1;1654;55;Agent.07;881392194;1;20210802;2;10:33:00;1802;30;462;2;CO;2;0;0;1;0;0;;0;0;CO;1;0;PL;;JA;;;32091846;;;112;101;;230;230;104;108;101;115;117;102;105;;;;101;102;103;104;105;106;107;;;;5;3;3;4;3;3;4;5;;;101;102;104;105;106;107;;;;;101;102;103;104;108;;;;;;5;1;5;5;5;3;2;4;1;1;4;4;;1;3;2;2;;;;101;;;4;7;7;6;9;4;8;2;6;9;1968;104;104;;99;100;CO;;;807915;;;;;;;;;;;;;;;;;;;;;;1;;Fusce Vivamus Fusce euismod a in dui lacinia condimentum et sollicitudin eu per pretium Phasellus neque Cras sociosqu dolor;;;;;;;;;;
Grupa.1;1;1664;63;Agent.12;12723154;1;20210803;3;15:17:00;1495;25;462;8;CO;1;0;0;1;0;0;;0;0;CO;1;0;PL;;JA;;;32091916;;;77;101;;43;43;105;101;108;102;;;;;;;;;;;;;;;;;3;3;;;4;;;3;;;101;102;103;104;105;107;;;;;101;102;103;104;106;107;;;;;2;3;4;5;4;4;2;4;5;4;2;2;4;2;4;;1;;;;106;;;1;3;5;0;4;8;3;10;4;3;1966;104;104;;99;100;CO;;;361788;;;;;;673905804;;;;;;;;;;;;;;;;1;;;;;;;;;;;;2,02E+11
Grupa.1;1;1672;55;Agent.07;597374344;1;20210730;6;14:51:00;1316;22;462;2;CO;2;0;0;1;0;0;;0;0;CO;1;0;PL;;LQ;;;32092021;;;334;101;;300;300;108;101;102;106;;;;;;;;;;;;;;;;;2;2;;;;2;;5;;;101;103;104;105;106;107;;;;;102;103;104;105;107;;;;;;5;5;4;4;3;4;1;4;4;2;4;;3;5;1;3;3;;;;103;107;;10;8;1;4;8;10;8;2;4;1;1955;104;104;;99;100;CO;;;223283;;;;;;;;;;;;;;;;;;;;;;1;;lorem. at neque, eget Pellentesque consectetur consectetur. erat ac ad consectetur elit. in torquent Class per elit. eu conu;;;;;;;;;;2,02E+11
Grupa.1;1;1674;114;Agent.13;869770286;1;20210805;5;13:55:00;1571;26;462;4;CO;3;0;0;1;0;0;;0;0;CO;1;0;PL;;JA;;;32092025;;;155;101;;100;100;102;101;;;;;;;;;101;102;103;104;105;106;107;108;;;3;5;3;2;4;3;2;4;;;101;102;103;104;105;106;109;;;;101;102;103;104;105;107;;;;;1;5;5;5;5;5;3;1;3;4;3;5;1;4;3;2;;;5;;107;103;;1;6;3;8;1;5;10;9;2;9;1977;104;102;;99;100;CO;;;989213;;;;;144151367;;;;;;;;;;;;;;;;;1;;;;;;;;;;;;2,02E+11
Grupa.1;1;1692;114;Agent.13;255726335;1;20210802;2;10:48:00;1402;23;462;2;CO;2;0;0;1;0;0;;0;0;CO;1;0;PL;;JA;;;32092084;;;74;101;;80;80;108;101;102;105;;;;;;;101;102;103;105;106;107;108;109;;;2;2;1;;2;4;1;3;2;;102;103;105;108;110;109;;;;;102;103;104;105;106;107;108;;;;1;4;2;5;3;4;3;4;3;4;;1;2;;3;;;1;4;4;110;107;106;5;8;3;8;4;7;8;2;4;3;1966;104;104;;99;100;CO;;;636748;;;;;683693351;;;;;;;;;;;;;;;;;1;;;;;;;;;;;;
Grupa.1;1;1697;61;Agent.11;867451355;1;20210802;2;11:19:00;2166;36;462;2;CO;2;0;0;1;0;0;;0;0;CO;1;0;PL;;JA;;;32092122;;;266;101;;141;141;999;;;;;;;;;;102;103;104;105;106;107;108;;;;;2;2;2;2;4;1;2;;;101;103;104;105;106;108;;;;;101;108;109;110;;;;;;;1;5;3;5;4;2;4;2;5;5;5;;3;1;5;4;;1;;;110;;;3;8;2;3;1;4;10;9;2;2;1962;104;103;;99;100;CO;;;217589;;;;;221155952;;;;;;;;;;;;;;;;;1;;;;;;;;;;;;
Grupa.1;1;1716;57;Agent.09;202177027;1;20210804;4;09:37:00;1550;26;462;4;CO;2;0;0;1;0;0;;0;0;CO;1;0;PL;;JA;;;32092179;;;223;101;;102;102;113;;;;;;;;;;102;105;106;107;;;;;;;;3;;;5;3;2;;;;101;102;103;104;105;106;108;;;;101;102;103;104;106;;;;;;5;3;3;3;5;2;1;4;5;999;2;4;5;2;3;1;;4;;;107;105;;10;9;1;3;9;3;9;8;8;10;1991;104;105;;99;100;CO;;;350832;;;;;;;;;;;;;;;;;;;;;;1;;non blandit Sed vestibulum Phasellus litora bibendum orci commodo turpis, suscipit Cras volutpat, volutpat, ad id Cras dictu;;;;;;;;;;2,02E+11
Grupa.1;1;1729;51;Agent.05;425410047;1;20210803;3;12:28:00;903;15;462;6;CO;2;0;0;1;0;0;;0;0;CO;1;0;PL;;JA;;;32092245;;;45;101;;450;450;108;101;;;;;;;;;103;104;105;106;107;108;;;;;3;;2;2;4;4;4;3;;;101;102;103;105;106;107;109;;;;101;102;103;105;108;;;;;;1;5;2;5;1;3;1;2;5;4;2;5;2;;5;1;1;;3;;105;110;107;8;6;7;6;7;9;6;7;6;9;1997;104;105;;99;100;CO;;;208245;;;;;;;;;;;;;;;;;;;;;;1;;;;;;;;;;;;2,02E+11
Grupa.1;1;1733;57;Agent.09;863884628;1;20210809;2;14:28:00;1268;21;462;5;CO;1;0;0;1;0;0;;0;0;CO;1;0;PL;;JA;;;32092252;;;57;101;;50;50;114;108;;;;;;;;;102;103;104;107;108;;;;;;;2;3;2;;;1;2;;;101;102;103;104;107;108;;;;;102;103;104;106;107;108;;;;;5;5;3;5;5;3;1;3;3;4;5;4;2;2;;;2;1;;;109;;;9;4;3;6;1;2;3;8;9;8;1981;104;105;;99;100;CO;;;871662;;;;;;;;;;;;;;;;;;;;;;1;;Pellentesque suscipit eget, dolor felis, litora nisi. et euismod et vestibulum sollicitudin enim vulputate eleifend commodo;Pellentesque suscipit eget, dolor felis, litora nisi. et euismod et vestibulum sollicitudin enim vulputate eleifend co;;;;;;;;;2,02E+11
Grupa.1;1;1739;57;Agent.09;728401061;1;20210811;4;10:39:00;2002;33;462;8;W0;5;0;0;1;0;0;;0;0;W0;1;0;PL;;JA;;;32092268;;;28;101;;65,5;65,5;112;105;108;102;;;;;;;101;103;104;106;107;109;;;;;5;3;1;1;3;4;3;4;5;;101;102;104;105;106;107;;;;;101;102;103;104;105;;;;;;1;2;999;5;3;2;1;4;1;1;2;3;;2;1;4;4;;;;102;105;;1;6;0;0;7;9;4;3;6;8;1994;104;102;;99;100;CO;;;489907;;;;;632114426;;;;;;;;;;;;;;;;;1;;interdum at dapibus ultrices, mauris sem Fusce elementum, Lorem Cras tempus egestas nec est. sed Mauris neque nascetur quam;interdum at dapibus ultrices, mauris sem Fusce elementum, Lorem Cras tempus egestas nec est. sed Mauris neque nascetur;;;;;;;;;2,02E+11
Grupa.1;1;1749;57;Agent.09;815562674;1;20210803;3;17:38:00;1459;24;462;5;CO;2;0;0;1;0;0;;0;0;CO;1;0;PL;;LQ;;;32092294;;;75;101;;1 200,00;1200;999;;;;;;;;;;101;102;103;104;105;106;107;108;;;3;2;1;2;4;2;2;1;;;101;102;104;107;;;;;;;101;102;103;104;105;;;;;;1;2;5;4;4;2;1;2;5;3;2;5;;3;;;3;;;;109;;;9;4;8;4;2;10;2;3;9;8;1986;104;103;;99;100;CO;;;617540;;;;;;;;;;;;;;;;;;;;;;1;;eget erat Fusce magnis ornare sed sed adipiscing Donec est. lectus sociosqu posuere. placerat. ipsum pretium sapien turpis l;eget erat Fusce magnis ornare sed sed adipiscing Donec est. lectus;;;;;;;;;2,02E+11
Grupa.1;1;1767;45;Agent.02;917518015;1;20210804;4;17:06:00;1493;25;462;3;CO;1;0;0;1;0;0;;0;0;CO;1;0;PL;;JA;;;32092312;;;89;101;;146;146;108;101;102;106;;;;;;;104;105;109;110;;;;;;;2;3;;3;4;4;;4;4;1;101;102;103;104;105;106;107;108;;;101;102;103;105;106;;;;;;5;4;4;5;3;5;4;1;3;1;3;1;4;1;4;2;2;4;;;105;104;106;9;3;7;8;6;9;8;10;6;3;1986;104;105;;99;100;CO;;;627156;;;;;722916166;;;;;;;;;;;;;;;;;1;;;;;;;;;;;;2,02E+11
Grupa.1;1;1777;61;Agent.11;876614774;1;20210802;2;12:49:00;1341;22;462;2;CO;2;0;0;1;0;0;;0;0;CO;1;0;PL;;JA;;;32092336;;;75;101;;360;360;108;102;;;;;;;;;101;103;104;105;106;107;;;;;5;1;2;4;3;2;3;2;;;101;102;104;105;106;107;;;;;101;103;;;;;;;;;3;5;3;5;5;4;4;2;2;3;1;4;;3;2;3;3;;;;102;106;101;10;10;3;6;5;9;6;1;7;1;1988;104;102;;99;100;CO;;;279172;;;;;869792722;;;;;;;;;;;;;;;;;1;;;;;;;;;;;;
Grupa.1;1;1783;61;Agent.11;814674651;1;20210810;3;15:45:00;1882;31;462;11;CO;6;0;0;1;0;0;;0;0;CO;1;0;PL;;LQ;;;32092338;;;158;101;;21,5;21,5;108;101;102;105;;;;;;;103;104;106;107;;;;;;;3;5;3;4;1;2;3;4;;;101;102;104;105;106;107;108;;;;103;109;110;;;;;;;;5;5;2;3;5;3;2;4;4;3;2;4;;2;3;2;5;3;;;110;106;104;6;10;1;0;8;5;1;5;8;1;1977;104;102;;99;100;CO;;;171489;;;;;;;;;;;;;;;;;;;;;;1;;penatibus eu sagittis. vulputate, ipsum ac aliquet ex magnis est odio tortor ullamcorper ad est, porta adipiscing ullamcorpe;;;;;;;;;;2,02E+11
Grupa.1;1;1799;61;Agent.11;845496343;1;20210805;5;12:12:00;1784;30;462;4;CO;4;0;0;1;0;0;;0;0;CO;1;0;PL;;JA;;;32092355;;;156;101;;5;5;999;;;;;;;;;;101;102;104;105;106;108;;;;;4;3;;3;2;2;;2;;;103;108;109;110;;;;;;;101;102;103;104;105;106;108;;;;1;2;2;1;4;5;1;3;4;1;;;1;;;;;3;1;2;103;102;;8;10;1;7;10;3;3;1;4;6;1979;104;104;;99;100;CO;;;463798;;;;;;;;;;;;;;;;;;;;;;1;;;;;;;;;;;;
Grupa.1;1;1800;53;Agent.06;162441153;1;20210810;3;09:18:00;1348;22;462;5;CO;2;0;0;1;0;0;;0;0;CO;1;0;PL;;JA;;;32092360;;;98;101;;24;24;999;;;;;;;;;;101;105;108;109;;;;;;;4;;;;1;;;3;4;;101;102;104;105;106;107;;;;;102;103;104;105;108;;;;;;5;4;2;4;2;4;1;2;4;1;1;3;;1;3;3;2;;;;108;;;9;2;9;3;6;9;4;9;2;2;1992;104;101;;99;100;CO;;;527318;;;;;;;;;;;;;;;;;;;;;;1;;neque torquent et lectus, Donec;;;;;;;;;;2,02E+11
Grupa.1;1;1828;53;Agent.06;882828714;1;20210730;6;16:06:00;1668;28;462;1;CO;1;0;0;1;0;0;;0;0;CO;1;0;PL;;JA;;;32092364;;;92;101;;118;100;108;105;101;;;;;;;;102;103;104;106;107;;;;;;5;4;4;2;2;3;2;4;;;101;102;103;105;106;108;109;;;;101;102;103;105;106;107;108;;;;5;4;4;4;3;3;4;4;4;2;4;4;3;;3;5;;5;2;;103;108;107;9;9;5;2;3;5;9;9;3;5;1990;103;105;;99;100;CO;;;230347;;;;;;;;;;;;;;;;;;;;;;1;;;;;;;;;;;;
Grupa.1;1;1851;57;Agent.09;374514579;1;20210812;5;10:36:00;1345;22;462;16;CO;9;0;0;1;0;0;;0;0;CO;1;0;PL;;JA;;;32092376;;;18;101;;500;500;999;;;;;;;;;;101;102;103;104;105;106;107;108;;;5;4;3;3;1;4;3;2;;;101;102;103;104;;;;;;;101;103;104;107;108;;;;;;1;5;1;5;3;3;5;2;5;2;1;1;2;3;;;;;;;104;107;103;10;8;6;3;8;2;7;10;7;10;1966;104;105;99;99;100;CO;;;356451;;;;;;;;;;;;;;;;;;;;;;1;;vitae sociosqu ante. ad dapibus, gravida ligula a parturient vitae parturient sem lacinia. pretium vitae dui. lorem. Donec l;vitae sociosqu ante. ad dapibus, gravida ligula a parturient vitae parturient sem lacinia. pretium vitae dui. lorem. D;;;;;;;;;2,02E+11
Grupa.1;1;1866;51;Agent.05;631461662;1;20210730;6;16:35:00;1765;29;462;1;CO;1;0;0;1;0;0;;0;0;CO;1;0;PL;;JA;;;32092393;;;81;101;;20;20;999;;;;;;;;;;;;;;;;;;;;;;;;;;;;;;101;102;104;105;;;;;;;101;102;104;105;106;107;;;;;1;5;5;4;4;3;2;4;5;5;5;5;;4;2;;;;;;107;110;;9;9;10;5;1;4;8;2;2;8;1994;104;105;;99;100;CO;;;370945;;;;;;;;;;;;;;;;;;;;;;1;;;;;;;;;;;;
Grupa.1;1;1869;53;Agent.06;115273194;1;20210802;2;13:05:00;2239;37;462;3;CO;1;0;0;1;0;0;;0;0;CO;1;0;PL;;JA;;;32092403;;;60;101;;175;150;108;101;;;;;;;;;102;103;104;105;106;107;;;;;3;4;5;2;2;2;2;2;;;101;102;103;104;106;107;;;;;101;102;103;104;105;106;;;;;1;5;5;4;4;5;1;5;3;3;5;4;3;4;;5;1;;;;107;104;;8;2;7;10;6;3;2;6;4;2;1972;104;102;;99;100;CO;;;426295;;;;;;;;;;;;;;;;;;;;;;1;;euismod sed facilisis. Mauris in diam Fusce Phasellus scelerisque platea eget est porttitor;;;;;;;;;;2,02E+11
Grupa.1;1;1928;53;Agent.06;772934112;1;20210803;3;13:55:00;1265;21;462;6;CO;4;0;0;1;0;0;;0;0;CO;1;0;PL;;JA;;;32092433;;;143;101;;26;26;101;108;102;;;;;;;;105;109;110;;;;;;;;4;4;;;5;;;3;5;3;101;103;104;105;106;108;;;;;101;103;107;;;;;;;;999;5;1;4;1;4;2;2;1;2;4;;5;1;2;5;;4;;;107;108;;3;9;6;6;4;4;5;7;2;3;1968;104;102;;99;100;CO;;;535003;;;;;255090061;;;;;;;;;;;;;;;;;1;;eu eu eget parturient maximus velit eget euismod ullamcorper eget laoreet euismod lacinia erat habitasse vulputate, sit dolo;;;;;;;;;;2,02E+11
Grupa.1;1;1961;63;Agent.13;445384795;1;20210729;5;10:30:00;2021;34;461;1;CO;1;0;0;1;0;0;;0;0;CO;1;0;PL;;JA;;;32090206;;;27;101;;600;550;107;101;;;;;;;;;106;109;108;110;102;;;;;;5;4;;;;2;5;1;5;3;102;;;;;;;;;;105;101;110;104;106;102;;;;;4;2;1;4;5;3;5;4;1;5;;4;;;;;;;;;107;;;3;10;7;1;1;4;5;6;1;3;1982;102;103;;99;100;CO;;;293674;;;;;;;;;;;;;;;;;;;;;;1;;;;;;;;;;;;
Grupa.1;1;1969;53;Agent.13;497555914;1;20210730;6;14:58:00;881;15;462;5;CO;3;0;0;1;0;0;;0;0;CO;1;0;PL;;LQ;;;32090222;;;982;101;;190;180;105;;;;;;;;;;104;110;107;109;101;102;103;;;;5;2;3;2;2;;3;;5;1;103;104;107;;;;;;;;104;106;109;;;;;;;;1;4;3;5;5;2;1;2;5;2;;;5;3;;;2;;;;102;106;;3;9;8;1;9;1;0;5;2;8;1944;103;102;;99;100;CO;;;376014;;;;;;;;;;;;;;;;;;;;;;1;;diam ipsum, semper Vivamus in aliquam. dis lectus, vehicula. Fusce Phasellus neque, Cras in lectus in sapien, elit. Fusce or;;;;;;;;;;2,02E+11
Grupa.1;1;1971;45;Agent.11;627829735;1;20210730;6;09:00:00;1478;25;462;3;CO;1;0;0;1;0;0;;0;0;CO;1;0;PL;;JA;;;32090254;;;315;101;;45;90;108;109;105;104;;;;;;;102;101;110;;;;;;;;5;3;;1;5;;;5;2;3;103;109;106;104;101;108;;;;;110;;;;;;;;;;1;4;5;4;4;1;2;4;1;5;2;;2;5;;3;;5;3;;102;104;;10;8;8;9;6;0;9;3;2;3;1963;104;104;;99;100;CO;;;696985;;;;;;;;;;;;;;;;;;;;;;1;;lectus Vivamus nascetur odio erat sociosqu dolor venenatis aptent Pellentesque Pellentesque ridiculus vulputate ut. in in mi;;;;;;;;;;2,02E+11
Grupa.1;1;1976;53;Agent.12;62777254;1;20210729;5;10:35:00;1910;32;461;1;CO;1;0;0;1;0;0;;0;0;CO;1;0;PL;;JA;;;32090284;;;533;101;;50;80;109;;;;;;;;;;101;108;106;102;107;;;;;;1;3;;;;5;4;5;3;;106;102;103;109;101;107;;;;;109;110;103;101;102;106;;;;;3;1;2;4;4;1;3;4;5;3;2;1;3;;;1;2;;2;;102;106;;6;4;3;0;9;4;5;8;5;9;1949;104;101;;99;100;CO;;;304777;;;;;;;;;;;;;;;;;;;;;;1;;;;;;;;;;;;
Grupa.1;1;1978;51;Agent.03;154573464;1;20210806;6;19:26:00;1714;29;462;5;CO;4;0;0;1;0;0;;0;0;CO;1;0;PL;;JA;;;32090286;;;402;101;;185;185;102;104;110;107;105;;;;;;108;106;109;101;103;;;;;;4;4;3;5;1;4;4;3;2;4;101;;;;;;;;;;101;109;104;102;;;;;;;5;4;4;3;3;1;2;5;2;4;1;;;;;;;;;;110;;;4;7;2;9;4;3;1;5;6;10;1988;101;104;;99;100;CO;;;779905;;;;;226676446;;;;;;;;;;;;;;;;;1;;auctor elit natoque neque libero maximus massa. in libero diam in adipiscing commodo quam quam. adipiscing elit. est. mi sus;;;;;;;;;;2,02E+11
Grupa.1;1;2008;47;Agent.15;655863219;1;20210729;5;10:53:00;2370;40;461;1;CO;1;0;0;1;0;0;;0;0;CO;1;0;PL;;JA;;;32090401;;;967;101;;60;60;105;;;;;;;;;;109;103;;;;;;;;;;;2;;1;;;;5;;104;109;102;106;101;;;;;;106;101;;;;;;;;;5;5;2;5;1;2;5;2;2;3;5;5;;3;;1;;;2;;103;107;;99;99;10;5;1;2;3;6;10;2;1972;101;105;;99;100;CO;;;946472;;;;;294573368;;;;;;;;;;;;;;;;;1;;gravida enim consequat malesuada in aliquet, malesuada non vestibulum molestie aliquet, egestas sollicitudin ornare consecte;gravida enim consequat malesuada in aliquet, malesuada non vestibulum molestie aliquet, egestas sollicitudin ornare co;gravida enim consequat malesuada in aliquet, malesuada non vestibulum molestie aliquet, egestas sollicitudin ornare co;;;;;;;;
Grupa.1;1;2027;47;Agent.09;299736315;1;20210804;4;11:44:00;372;6;462;7;CO;4;0;0;1;0;0;;0;0;CO;1;0;PL;;LQ;;;32090454;;;172;101;;675;675;106;103;110;;;;;;;;105;104;;;;;;;;;;;5;4;3;5;;;;3;107;103;102;105;106;;;;;;107;108;103;;;;;;;;3;3;2;4;1;4;5;4;3;1;;1;1;;1;4;1;;;;105;104;101;1;6;2;3;99;9;6;4;10;1;1991;101;102;;99;100;CO;;;562696;;;;;;;;;;;;;;;;;;;;;;1;;sed eu libero sapien mi aliquet ornare Praesent nibh, per porttitor erat nec inceptos nascetur Suspendisse Fusce Class Proin;sed eu libero sapien mi aliquet ornare Praesent nibh, per porttitor erat nec inceptos nascetur Suspendisse Fusce Class;;;;;;;;;2,02E+11
Grupa.1;1;2036;47;Agent.09;668385140;1;20210729;5;14:25:00;804;13;461;4;CO;3;0;0;1;0;0;;0;0;CO;1;0;PL;;LQ;;;32090468;;;470;101;;450;390;110;102;108;107;;;;;;;109;106;105;;;;;;;;;1;;;3;3;4;5;5;5;106;101;104;109;107;102;103;;;;110;105;;;;;;;;;4;3;2;1;4;4;1;5;5;999;1;1;3;1;;4;5;;4;;105;110;;99;2;8;8;5;6;2;10;6;6;1941;102;104;;99;100;CO;;;670948;;;;;;;;;;;;;;;;;;;;;;1;;;;;;;;;;;;2,02E+11
Grupa.1;1;2053;40;Agent.12;398594672;1;20210803;3;15:14:00;1416;24;462;7;CO;6;0;0;1;0;0;;0;0;CO;1;0;PL;;JA;;;32090488;;;764;101;;150;150;101;103;;;;;;;;;107;104;105;;;;;;;;4;;2;5;3;;3;;;;107;106;105;102;;;;;;;106;107;105;;;;;;;;3;2;5;1;2;5;5;5;2;2;;5;;;1;3;2;;;;104;106;;5;9;99;4;3;7;9;4;7;8;1988;102;101;;99;100;CO;;;453030;;;;;;;;;;;;;;;;;;;;;;1;;torquent sociosqu blandit Mauris id Fusce platea leo aptent venenatis sagittis. sed amet, sed orci. mus. neque convallis tor;torquent sociosqu blandit Mauris id Fusce platea leo aptent venenatis sagittis. sed amet, sed orci. mus. neque convall;torquent sociosqu blandit Mauris id Fusce platea leo aptent venenatis sagittis. sed amet, sed orci. mus. neque convall;;;;;;;;2,02E+11
Grupa.1;1;2066;57;Agent.02;456587056;1;20210802;2;10:16:00;1622;27;462;2;CO;1;0;0;1;0;0;;0;0;CO;1;0;PL;;JA;;;32090525;;;604;101;;20;20;107;103;109;108;110;;;;;;106;104;102;;;;;;;;;2;5;3;;5;1;4;5;4;102;107;104;109;101;105;;;;;103;108;101;109;107;102;;;;;3;4;5;5;4;5;1;4;5;2;5;3;;4;5;;2;;4;;103;;;9;10;10;0;6;9;5;10;5;6;1987;104;103;;99;100;CO;;;580076;;;;;558921447;;;;;;;;;;;;;;;;;1;;;;;;;;;;;;2,02E+11
Grupa.1;1;2069;51;Agent.06;123414216;1;20210729;5;11:49:00;1991;33;461;1;CO;1;0;0;1;0;0;;0;0;CO;1;0;PL;;JA;;;32090532;;;172;101;;685;685;103;108;102;;;;;;;;101;105;;;;;;;;;4;3;2;;1;;;4;;;103;102;;;;;;;;;101;110;106;107;108;109;104;;;;4;2;3;4;3;1;2;1;3;4;;1;4;;;;;;;;108;103;;9;7;3;99;8;1;8;5;6;2;1999;101;102;;99;100;CO;;;993297;;;;;;;;;;;;;;;;;;;;;;1;;;;;;;;;;;;
Grupa.1;1;2070;47;Agent.02;753307742;1;20210804;4;14:22:00;1377;23;462;6;CO;1;0;0;1;0;0;;0;0;CO;1;0;PL;;JA;;;32090542;;;542;101;;450;400;104;109;;;;;;;;;107;110;108;103;102;105;;;;;;2;5;2;4;;4;5;1;1;109;102;101;108;103;107;105;;;;107;109;110;;;;;;;;2;4;5;4;1;5;4;3;2;4;3;2;5;;5;;2;5;2;;110;104;;5;5;3;8;0;1;10;2;9;2;1937;102;105;;99;100;CO;;;842375;;;;;;;;;;;;;;;;;;;;;;1;;eget in luctus, leo Vivamus aptent et orci metus vulputate consectetur. sodales at consectetur Lorem himenaeos. leo massa. i;;;;;;;;;;2,02E+11
Grupa.1;1;2086;59;Agent.06;638352663;1;20210803;3;11:45:00;1987;33;462;4;CO;2;0;0;1;0;0;;0;0;CO;1;0;PL;;JA;;;32090611;;;507;101;;60;60;106;103;;;;;;;;;109;105;;;;;;;;;;;4;;3;1;;;4;;102;110;105;;;;;;;;105;103;102;110;104;106;;;;;5;5;5;2;5;5;3;1;1;5;;3;;;5;;;;;5;105;103;;3;2;6;5;0;99;8;7;5;7;1946;104;102;;99;100;CO;;;974267;;;;;;;;;;;;;;;;;;;;;;1;;scelerisque lorem. convallis penatibus id, suscipit Fusce turpis scelerisque quam nec et euismod aliquam. Pellentesque Pelle;scelerisque lorem. convallis penatibus id, suscipit Fusce turpis scelerisque quam nec et euismod aliquam. Pellentesque;;;;;;;;;2,02E+11
Grupa.1;1;2107;61;Agent.10;625825306;1;20210805;5;16:24:00;1777;30;462;7;CO;5;0;0;1;0;0;;0;0;CO;1;0;PL;;JA;;;32090684;;;960;101;;70;70;101;107;;;;;;;;;102;103;104;105;;;;;;;2;4;4;2;1;;1;;;;101;;;;;;;;;;110;105;102;108;109;;;;;;2;1;4;1;5;2;4;3;2;1;5;;;;;;;;;;103;;;2;8;2;9;4;8;3;3;6;9;1996;104;102;;99;100;CO;;;222494;;;;;182426146;;;;;;;;;;;;;;;;;1;;est. sapien et tincidunt in quis Fusce ullamcorper amet venenatis. in. ullamcorper dolor laoreet facilisis;;;;;;;;;;2,02E+11
Grupa.1;1;2114;59;Agent.10;734803984;1;20210805;5;15:54:00;1712;29;462;15;CO;7;0;0;1;0;0;;0;0;CO;1;0;PL;;LQ;;;32090700;;;471;101;;15;30;102;107;;;;;;;;;106;110;105;104;;;;;;;;1;;1;2;1;1;;;2;102;;;;;;;;;;105;109;108;107;101;;;;;;1;5;5;1;1;3;2;2;5;2;;5;;;;;;;;;110;104;;2;1;4;8;4;0;4;4;3;5;1969;104;103;;99;100;CO;;;452020;;;;;245766345;;;;;;;;;;;;;;;;;1;;dui Vivamus Phasellus malesuada diam ipsum, Suspendisse quam nulla consectetur facilisis blandit Cras in malesuada facilisis;;;;;;;;;;2,02E+11
Grupa.1;1;2120;45;Agent.06;331433743;1;20210805;5;11:33:00;837;14;462;7;CO;5;0;0;1;0;0;;0;0;CO;1;0;PL;;JA;;;32090749;;;835;101;;842;842;107;105;;;;;;;;;106;102;101;;;;;;;;1;5;;;3;4;4;;;;106;108;;;;;;;;;110;101;106;103;;;;;;;4;5;1;5;2;1;1;5;2;5;;;;;;5;;5;;;109;;;1;7;99;6;6;7;6;6;9;8;1944;101;102;;99;100;CO;;;424617;;;;;;;;;;;;;;;;;;;;;;1;;a ante. Praesent massa. auctor Phasellus vitae felis. suscipit elementum, venenatis. odio scelerisque ad laoreet eu. Curabit;a ante. Praesent massa. auctor Phasellus vitae felis. suscipit elementum, venenatis. odio scelerisque ad laoreet eu. C;a ante. Praesent massa. auctor Phasellus vitae felis. suscipit elementum, venenatis. odio scelerisque ad laoreet eu. C;a ante. Praesent massa. auctor Phasellus vitae felis. suscipit elementum, venenatis. odio scelerisque ad laoreet e;;;;;;;2,02E+11
Grupa.1;1;2122;61;Agent.07;874465209;1;20210809;2;14:04:00;1211;20;462;10;CO;2;0;0;1;0;0;;0;0;CO;1;0;PL;;JA;;;32090760;;;581;101;;230;210;108;105;109;101;;;;;;;104;102;107;;;;;;;;1;5;;5;3;;5;2;4;;101;;;;;;;;;;105;101;108;102;;;;;;;5;5;3;3;1;3;5;5;4;4;2;;;;;;;;;;102;110;;8;3;4;9;8;3;10;3;7;10;1966;102;101;;99;100;CO;;;654215;;;;;;500548913;;;;;;;;;;;;;;;;1;;;;;;;;;;;;2,02E+11
Grupa.1;1;2131;40;Agent.05;785687648;1;20210729;5;12:34:00;1801;30;461;1;CO;1;0;0;1;0;0;;0;0;CO;1;0;PL;;JA;;;32090782;;;73;101;;750;750;107;;;;;;;;;;109;102;108;;;;;;;;;5;;;;;3;1;2;;103;106;110;;;;;;;;108;102;110;;;;;;;;3;3;4;2;5;2;5;3;1;3;;;1;;;3;;;;5;103;104;105;7;10;3;2;9;4;4;10;5;1;1987;103;105;;99;100;CO;;;915673;;;;;;;;;;;;;;;;;;;;;;1;;;;;;;;;;;;
Grupa.1;1;2147;55;Agent.12;517744433;1;20210804;4;14:28:00;1617;27;462;9;CO;8;0;0;1;0;0;;0;0;CO;1;0;PL;;JA;;;32090843;;;694;101;;600;650;109;103;106;;;;;;;;101;102;;;;;;;;;3;3;2;;;2;;;2;;108;110;101;103;109;107;104;;;;107;;;;;;;;;;4;3;3;3;3;2;4;3;2;5;3;;1;1;;;4;1;2;4;104;;;2;99;1;99;99;10;2;7;5;1;1992;102;105;;99;100;CO;;;732373;;;;;234312324;;;;;;;;;;;;;;;;;1;;venenatis. Cras elit. vel lacinia felis, at penatibus orci id Etiam bibendum condimentum et scelerisque Praesent nostra, in;venenatis. Cras elit. vel lacinia felis, at penatibus orci id Etiam bibendum condimentum et scelerisque Praesent nostr;;;;;;;;;2,02E+11
Grupa.1;1;2164;40;Agent.06;454596732;1;20210802;2;15:19:00;1607;27;462;4;CO;3;0;0;1;0;0;;0;0;CO;1;0;PL;;JA;;;32090899;;;468;101;;285;250;108;106;109;101;102;;;;;;;;;;;;;;;;3;5;;;;4;;4;2;;105;107;101;;;;;;;;104;110;;;;;;;;;1;3;3;2;5;4;1;1;5;5;4;;;;1;;2;;;;101;103;108;2;6;9;0;3;3;1;5;2;3;1978;103;101;;99;100;CO;;;293990;;;;;;;;;;;;;;;;;;;;;;1;;ex egestas mus. elit, malesuada quam. condimentum sapien Donec erat sodales venenatis a velit condimentum Donec laoreet diam;;;;;;;;;;2,02E+11
Grupa.1;1;2167;51;Agent.05;534425052;1;20210803;3;10:53:00;561;9;462;6;CO;4;0;0;1;0;0;;0;0;CO;1;0;PL;;LQ;;;32090904;;;850;101;;24;24;106;110;109;;;;;;;;101;102;105;103;;;;;;;4;5;4;;2;2;;;4;5;107;101;103;104;109;102;108;;;;106;105;103;109;102;;;;;;2;2;2;4;3;5;5;1;3;4;3;2;1;1;;;5;2;2;;101;;;0;2;2;99;9;99;4;5;1;7;1968;104;101;;99;100;CO;;;103716;;;;;844334164;;;;;;;;;;;;;;;;;1;;;;;;;;;;;;2,02E+11
Grupa.1;1;2170;53;Agent.13;225226665;1;20210804;4;09:07:00;1123;19;462;4;CO;4;0;0;1;0;0;;0;0;CO;1;0;PL;;JA;;;32090921;;;208;101;;840;840;102;;;;;;;;;;109;106;103;107;;;;;;;;3;1;;;3;3;;4;;109;102;107;;;;;;;;103;108;102;109;107;105;;;;;2;2;5;4;4;5;3;3;2;4;;1;;;;;4;;5;;106;110;;3;5;2;10;7;1;8;4;5;5;1971;101;102;;99;100;CO;;;969684;;;;;;;;;;;;;;;;;;;;;;1;;;;;;;;;;;;2,02E+11
Grupa.1;1;2180;59;Agent.15;799973681;1;20210730;6;11:22:00;2344;39;462;2;CO;2;0;0;1;0;0;;0;0;CO;1;0;PL;;JA;;;32091044;;;544;101;;650;650;108;103;;;;;;;;;105;107;101;;;;;;;;4;;2;;2;;5;2;;;103;110;106;109;101;104;;;;;104;108;102;103;;;;;;;3;4;3;4;5;4;1;5;3;3;1;;3;3;;4;;;5;2;110;;;9;8;5;7;1;5;10;8;7;3;1969;104;104;;99;100;CO;;;264475;;;;;;;;;;;;;;;;;;;;;;1;;;;;;;;;;;;
Grupa.1;1;2192;63;Agent.03;23328297;1;20210730;6;16:16:00;1358;23;462;4;CO;2;0;0;1;0;0;;0;0;CO;1;0;PL;;JA;;;32091110;;;996;101;;380;380;107;109;103;106;108;104;;;;;101;105;;;;;;;;;3;;5;3;2;5;2;3;1;;106;109;110;101;103;;;;;;103;108;105;107;102;106;;;;;3;5;2;3;1;1;5;3;1;2;4;;3;;;3;;;2;1;109;107;;3;3;6;9;6;2;4;9;5;6;1998;102;101;;99;100;CO;;;563413;;;;;44526552;;;;;;;;;;;;;;;;;1;;vel justo Mauris mauris sit est. sollicitudin Fusce aptent eleifend placerat. quam gravida sapien. Cras commodo, ex Cras Cur;vel justo Mauris mauris sit est. sollicitudin Fusce aptent eleifend placerat. quam gravida sapien. Cras commodo, ex Cr;;;;;;;;;2,02E+11
Grupa.1;1;2201;51;Agent.03;752794142;1;20210729;5;14:17:00;3365;56;461;1;CO;1;0;0;1;0;0;;0;0;CO;1;0;PL;;JA;;;32091126;;;892;101;;2 600,00;2600;104;108;105;;;;;;;;107;110;106;;;;;;;;;;;4;3;1;3;5;;1;109;106;104;108;;;;;;;110;109;108;107;106;;;;;;4;5;5;1;3;4;5;5;5;5;;;;3;;2;;3;3;;108;;;3;3;1;9;2;8;1;5;9;8;1974;101;105;;99;100;CO;;;926594;;;;;;;;;;;;;;;;;;;;;;1;;;;;;;;;;;;
Grupa.1;1;2205;114;Agent.03;36643252;1;20210805;5;15:03:00;2040;34;462;12;CO;2;0;0;1;0;0;;0;0;CO;1;0;PL;;LQ;;;32091132;;;717;101;;50;50;107;108;;;;;;;;;106;110;102;103;105;;;;;;;3;4;;3;4;3;4;;4;102;110;103;101;105;106;;;;;105;101;108;;;;;;;;5;1;4;1;2;2;3;5;5;1;1;2;1;;5;4;;;;4;105;;;4;9;10;4;1;5;5;4;9;6;1966;101;103;;99;100;CO;;;931522;;;;;;;;;;;;;;;;;;;;;;1;;pretium et egestas natoque quis ridiculus quam facilisis. at in est In non vel, maximus mauris tempus diam interdum eu. scel;;;;;;;;;;2,02E+11
Grupa.1;1;2210;114;Agent.15;27842855;1;20210803;3;16:45:00;2132;36;462;5;CO;1;0;0;1;0;0;;0;0;CO;1;0;PL;;JA;;;32091186;;;542;101;;40;30;999;;;;;;;;;;102;104;103;105;;;;;;;;2;3;4;1;;;;;;104;103;;;;;;;;;104;109;102;;;;;;;;5;2;3;1;4;5;2;3;4;5;;;1;1;;;;;;;107;104;;3;2;2;2;7;1;6;8;8;8;1985;102;105;;99;100;CO;;;744940;;;;;631536327;;;;;;;;;;;;;;;;;1;;dapibus lacinia felis. velit dui sed quam sagittis Lorem et ornare ipsum Integer dictum Fusce mus. nulla sed tortor;;;;;;;;;;2,02E+11
Grupa.1;1;2214;53;Agent.09;284616266;1;20210805;5;14:02:00;1216;20;462;6;CO;3;0;0;1;0;0;;0;0;CO;1;0;PL;;LQ;;;32091209;;;947;101;;578;578;101;110;;;;;;;;;110;;;;;;;;;;4;;;;;;;;;5;106;109;101;105;108;107;103;;;;110;103;105;109;104;107;;;;;5;2;2;3;3;2;5;1;1;5;2;;5;;4;5;3;3;5;;106;104;;1;8;4;10;3;0;2;4;1;2;1998;103;104;;99;100;CO;;;755101;;;;;;;;;;;;;;;;;;;;;;1;;;;;;;;;;;;2,02E+11
Grupa.1;1;2218;114;Agent.11;735233172;1;20210810;3;14:22:00;548;9;462;18;CO;17;0;0;1;0;0;;0;0;CO;1;0;PL;;LQ;;;32091219;;;886;101;;200;200;108;106;109;;;;;;;;101;107;103;102;;;;;;;4;1;1;;;5;2;4;5;;107;102;106;110;;;;;;;108;103;106;109;105;;;;;;5;3;1;2;2;2;3;2;1;5;;4;;;;1;5;;;3;109;104;;4;99;7;6;2;7;9;6;2;10;1955;102;105;;99;100;CO;;;387796;;;;;;;;;;;;;;;;;;;;;;1;;sapien. condimentum. convallis Praesent quam sed scelerisque. metus, euismod a laoreet quis pellentesque Fusce malesuada a c;sapien. condimentum. convallis Praesent quam sed scelerisque. metus, euismod a laoreet quis pellentesque Fusce malesua;sapien. condimentum. convallis Praesent quam sed scelerisque. metus, euismod a laoreet quis pellentesque Fusce malesua;;;;;;;;2,02E+11
Grupa.1;1;2227;55;Agent.06;924074570;1;20210809;2;11:07:00;2008;33;462;7;CO;2;0;0;1;0;0;;0;0;CO;1;0;PL;;JA;;;32091245;;;380;101;;60;60;109;103;;;;;;;;;106;105;108;;;;;;;;;;1;;4;4;;1;1;;101;110;107;109;105;;;;;;110;106;109;103;101;;;;;;4;4;3;3;3;3;2;4;2;2;5;;;;2;;3;;2;3;102;;;5;2;3;2;6;99;0;8;4;7;1992;994;105;;99;100;CO;;;539998;;;;;835687915;;;;;;;;;;;;;;;;;1;;amet adipiscing eu lorem. per natoque auctor mattis habitasse a lobortis libero velit, erat Fusce tincidunt blandit mattis e;amet adipiscing eu lorem. per natoque auctor mattis habitasse a lobortis libero velit, erat Fusce tincidunt blandit ma;;;;;;;;;2,02E+11
Grupa.1;1;2235;59;Agent.05;337113428;1;20210805;5;15:15:00;2266;38;462;7;CO;3;0;0;1;0;0;;0;0;CO;1;0;PL;;JA;;;32091257;;;362;101;;47;47;109;106;105;;;;;;;;110;104;107;102;;;;;;;;2;;2;4;1;3;;3;1;109;106;;;;;;;;;102;105;106;103;107;;;;;;4;5;2;1;1;1;2;1;2;3;;;;;;1;;;3;;103;;;0;3;2;5;10;2;8;8;5;1;1939;104;105;;99;100;CO;;;448733;;;;;;;;;;;;;;;;;;;;;;1;;lectus, Proin litora dui ornare luctus, sed turpis vel vitae condimentum libero sit suscipit non ut vestibulum ut nec adipis;;;;;;;;;;2,02E+11
Grupa.1;1;2247;63;Agent.12;830212371;1;20210730;6;13:38:00;0;0;462;6;CO;1;0;0;1;0;0;;0;0;;1;0;PL;;JA;;;32091292;;;474;101;;250;250;106;;;;;;;;;;109;104;;;;;;;;;;;;4;;4;;;3;;102;110;103;109;;;;;;;105;108;101;103;102;110;104;;;;4;3;3;5;3;4;5;1;4;4;;1;1;;;;;;5;4;105;106;107;0;6;8;6;4;6;3;6;10;3;1958;104;103;;99;100;CO;;;509255;;;;;868138850;;;;;;;;;;;;;;;;;1;;tellus vitae Phasellus non In Class eleifend condimentum leo. eu nulla volutpat, odio id, non Donec convallis dui a diam;;;;;;;;;;2,02E+11
Grupa.1;1;2250;47;Agent.06;736427617;1;20210802;2;11:02:00;1715;29;462;4;CO;1;0;0;1;0;0;;0;0;CO;1;0;PL;;JA;;;32091312;;;68;101;;430;520;104;108;102;105;109;;;;;;106;110;107;;;;;;;;;1;;2;1;3;3;999;2;5;109;103;104;106;105;102;;;;;103;104;109;101;105;;;;;;4;2;5;3;3;3;5;2;3;2;;4;3;1;2;5;;;3;;110;104;109;9;8;3;10;9;0;9;2;6;2;1947;103;101;;99;100;CO;;;295463;;;;;;;;;;;;;;;;;;;;;;1;;In libero elit orci in condimentum adipiscing mattis nec a pretium interdum In condimentum. penatibus velit, euismod Fusce p;;;;;;;;;;2,02E+11
Grupa.1;1;2265;47;Agent.03;728338675;1;20210804;4;13:55:00;1770;30;462;5;CO;2;0;0;1;0;0;;0;0;CO;1;0;PL;;JA;;;32091338;;;729;101;;30;30;106;107;110;;;;;;;;108;105;;;;;;;;;;;;;4;2;2;1;;4;106;103;108;;;;;;;;104;;;;;;;;;;2;5;5;2;4;5;2;3;4;5;;;1;;;4;;5;;;103;;;10;4;2;4;8;99;10;9;4;4;1941;102;104;;99;100;CO;;;277990;;;;;819935815;;;;;;;;;;;;;;;;;1;;suscipit faucibus tortor eu convallis himenaeos. euismod lacinia. quam et molestie non sagittis;;;;;;;;;;2,02E+11
Grupa.1;1;2279;57;Agent.06;128273587;1;20210811;4;09:52:00;1243;21;462;4;CO;3;0;0;1;0;0;;0;0;CO;1;0;PL;;JA;;;32091428;;;606;101;;40;30;105;;;;;;;;;;108;102;110;;;;;;;;;4;;;2;;;2;;2;108;;;;;;;;;;110;102;;;;;;;;;4;1;2;5;4;1;3;5;3;4;;;;;;;;3;;;110;104;105;10;9;4;4;4;5;10;3;5;3;1970;101;103;99;99;100;CO;;;555705;;;;;511527603;;;;;;;;;;;;;;;;;1;;a velit ipsum interdum sed eu in. inceptos convallis gravida tellus id, vulputate, per et Nullam ut eu. Vivamus luctus. In C;;;;;;;;;;2,02E+11
Grupa.1;1;2283;114;Agent.05;980095875;1;20210730;6;11:17:00;392;7;462;2;CO;2;0;0;1;0;0;;0;0;CO;1;0;PL;;LQ;;;32091432;;;169;101;;16;32;110;104;;;;;;;;;107;103;109;102;;;;;;;;4;5;3;;;2;;3;2;103;;;;;;;;;;101;109;108;110;103;107;105;106;;;4;1;4;2;2;4;4;4;5;3;;;2;;;;;;;;107;110;;4;6;1;9;6;7;8;5;7;2;1963;102;101;;99;100;CO;;;462665;;;;;652566598;;;;;;;;;;;;;;;;;1;;aliquam. mus. Suspendisse Fusce id vehicula. Cras suscipit vestibulum nisi. Etiam ut In id aliquet, sit eu hac consequat sap;;;;;;;;;;2,02E+11
Grupa.1;1;2285;59;Agent.13;847593477;1;20210802;2;11:35:00;3445;57;462;4;CO;2;0;0;1;0;0;;0;0;CO;1;0;PL;;JA;;;32091434;;;963;101;;22;22;106;102;;;;;;;;;107;101;;;;;;;;;2;4;;;;2;5;;;;102;105;106;108;101;;;;;;103;108;109;104;106;;;;;;2;5;3;5;1;5;2;3;4;2;1;4;;;2;5;;3;;;105;;;99;99;6;2;10;7;9;5;7;3;1998;101;105;;99;100;CO;;;977776;;;;;;;;;;;;;;;;;;;;;;1;;;;;;;;;;;;2,02E+11
Grupa.1;1;2287;51;Agent.13;626571056;1;20210812;5;15:35:00;2458;41;462;11;CO;8;0;0;1;0;0;;0;0;CO;1;0;PL;;JA;;;32091444;;;363;101;;200;300;110;;;;;;;;;;104;102;101;106;108;103;;;;;2;5;3;2;;3;;4;;1;102;103;;;;;;;;;104;108;109;105;103;;;;;;5;5;3;1;3;5;5;1;4;1;;2;2;;;;;;;;107;;;6;2;4;0;9;3;9;1;7;5;1959;103;101;;99;100;CO;;;480554;;;;;;;;;;;;;;;;;;;;;;1;;metus, conubia ad egestas maximus euismod porta et scelerisque tortor velit et laoreet lacinia lorem. nec eu himenaeos.;;;;;;;;;;2,02E+11
Grupa.1;1;2296;114;Agent.07;667717122;1;20210805;5;11:08:00;1631;27;462;3;CO;3;0;0;1;0;0;;0;0;CO;1;0;PL;;JA;;;32091460;;;432;101;;160;160;102;110;103;;;;;;;;109;;;;;;;;;;;3;4;;;;;;1;2;106;;;;;;;;;;102;103;;;;;;;;;2;4;4;2;2;5;3;1;1;4;;;;;;2;;;;;108;;;0;3;8;10;4;4;5;8;8;10;1968;103;101;;99;100;CO;;;999539;;;;;;;;;;;;;;;;;;;;;;1;;;;;;;;;;;;
Grupa.1;1;2304;57;Agent.13;146648172;1;20210802;2;14:28:00;1124;19;462;4;CO;2;0;0;1;0;0;;0;0;CO;1;0;PL;;LQ;;;32091499;;;521;101;;360;400;105;;;;;;;;;;108;104;106;107;;;;;;;;;;2;3;1;3;3;;;110;109;105;108;106;;;;;;101;107;106;103;110;109;;;;;4;4;1;5;1;2;5;1;5;4;;;;;3;5;;4;5;5;101;106;;0;1;2;5;0;1;6;6;4;3;1983;103;103;;99;100;CO;;;463903;;;;;;;;;;;;;;;;;;;;;;1;;;;;;;;;;;;2,02E+11
Grupa.1;1;2309;53;Agent.02;238412283;1;20210802;2;12:35:00;1909;32;462;8;CO;8;0;0;1;0;0;;0;0;CO;1;0;PL;;JA;;;32091509;;;314;101;;500;450;107;101;108;105;;;;;;;104;102;106;;;;;;;;2;3;;5;5;4;3;3;;;101;107;110;108;109;;;;;;109;108;107;;;;;;;;4;5;1;3;5;2;5;4;1;4;1;;;;;;5;1;3;5;107;101;;5;2;2;10;5;4;0;1;5;9;1956;102;103;;99;100;CO;;;728822;;;;;;;;;;;;;;;;;;;;;;1;;;;;;;;;;;;2,02E+11
Grupa.1;1;2313;61;Agent.02;352832229;1;20210809;2;14:38:00;1978;33;462;9;CO;2;0;0;1;0;0;;0;0;CO;1;0;PL;;JA;;;32091552;;;796;101;;65;65;105;104;;;;;;;;;106;;;;;;;;;;;;;4;3;2;;;;;110;103;105;101;107;;;;;;103;107;105;101;104;;;;;;4;2;5;4;5;2;3;3;3;2;4;;1;;3;;5;;;1;108;107;110;4;7;0;8;2;0;5;3;8;7;1946;102;105;;99;100;CO;;;104399;;;;;824312073;;;;;;;;;;;;;;;;;1;;euismod metus, non lacinia tellus massa. non viverra libero porttitor pellentesque id, leo Donec aliquam. libero est. mi lac;;;;;;;;;;2,02E+11
Grupa.1;1;2316;114;Agent.06;518154848;1;20210730;6;15:13:00;2200;37;462;2;CO;1;0;0;1;0;0;;0;0;CO;1;0;PL;;JA;;;32091556;;;609;101;;11;8,5;106;;;;;;;;;;107;101;108;109;110;;;;;;4;;;;;1;3;1;3;5;103;110;107;105;108;101;;;;;108;107;102;105;106;110;104;;;;3;5;5;5;2;3;2;1;4;1;2;;2;;4;;1;3;;2;107;110;;9;7;1;2;7;8;7;4;9;8;1937;104;104;;99;100;CO;;;387041;;;;;;;;;;;;;;;;;;;;;;1;;neque, Orci enim sed Sed aliquet sapien. In est. in elementum condimentum aptent scelerisque cursus Aliquam vitae sed vestib;;;;;;;;;;2,02E+11
Grupa.1;1;2324;59;Agent.15;497470158;1;20210730;6;15:11:00;3204;53;462;2;CO;1;0;0;1;0;0;;0;0;CO;1;0;PL;;JA;;;32091591;;;424;101;;1 041,00;960;105;;;;;;;;;;109;103;;;;;;;;;;;4;;4;;;;5;;106;104;107;103;101;108;;;;;104;110;;;;;;;;;5;1;5;5;2;3;5;3;3;2;2;;4;1;;4;3;2;;;109;;;7;5;2;5;0;9;5;10;9;2;1975;101;105;;99;100;CO;;;184033;;;;;;;;;;;;;;;;;;;;;;1;;;;;;;;;;;;2,02E+11
Grupa.1;1;2329;51;Agent.05;394586955;1;20210802;2;10:40:00;1579;26;462;3;CO;2;0;0;1;0;0;;0;0;CO;1;0;PL;;JA;;;32091623;;;924;101;;1 600,00;1600;105;102;;;;;;;;;101;104;107;103;;;;;;;5;5;2;4;2;;3;;;;101;;;;;;;;;;105;103;109;104;110;102;101;106;;;1;3;2;2;1;2;3;3;5;4;4;;;;;;;;;;103;108;;5;5;6;8;5;6;1;6;9;10;1961;104;105;;99;100;CO;;;840542;;;;;;;;;;;;;;;;;;;;;;1;;;;;;;;;;;;2,02E+11
Grupa.1;1;2355;61;Agent.07;708776272;1;20210804;4;10:46:00;1316;22;462;3;CO;3;0;0;1;0;0;;0;0;CO;1;0;PL;;JA;;;32091681;;;177;101;;100;100;104;106;102;103;;;;;;;108;;;;;;;;;;;5;5;4;;2;;1;;;107;101;109;105;104;;;;;;104;102;109;;;;;;;;5;4;1;4;2;2;2;2;5;1;5;;;2;4;;2;;5;;110;101;;10;2;7;5;10;6;10;10;4;7;1957;101;105;;99;100;CO;;;786010;;;;;875768338;;;;;;;;;;;;;;;;;1;;;;;;;;;;;;
Grupa.1;1;2356;63;Agent.06;470348337;1;20210810;3;11:05:00;1282;21;462;12;CO;3;0;0;1;0;0;;0;0;CO;1;0;PL;;LQ;;;32091683;;;933;101;;20;20;105;;;;;;;;;;106;109;;;;;;;;;;;;;2;4;;;2;;106;105;109;101;;;;;;;105;110;;;;;;;;;2;1;1;5;1;4;2;3;3;5;4;;;;5;2;;;1;;103;107;108;5;1;1;10;2;8;3;6;8;5;1980;103;105;;99;100;CO;;;923801;;;;;7106954;;;;;;;;;;;;;;;;;1;;Integer laoreet vitae varius Phasellus in sapien. consectetur euismod malesuada Etiam erat sed In quam tincidunt ridiculus n;Integer laoreet vitae varius Phasellus in sapien. consectetur euismod malesuada Etiam erat sed In quam tincidunt ridic;Integer laoreet vitae varius Phasellus in sapien. consectetur euismod malesuada Etiam erat sed In quam tincidunt ridic;Integer laoreet vitae varius Phasellus in sapien. consectetur euismod malesuada Etiam erat sed In quam tincidunt r;;;;;;;2,02E+11
Grupa.1;1;2368;47;Agent.10;575849639;1;20210812;5;14:39:00;1670;28;462;9;CO;2;0;0;1;0;0;;0;0;CO;1;0;PL;;JA;;;32091708;;;941;101;;110;110;103;;;;;;;;;;107;110;;;;;;;;;;;2;;;;5;;;5;108;;;;;;;;;;101;109;105;110;107;;;;;;5;1;3;1;5;5;4;5;3;2;;;;;;;;4;;;109;;;7;9;2;7;10;3;6;7;8;10;1943;101;103;;99;100;CO;;;636724;;;;;;;;;;;;;;;;;;;;;;1;;leo. sit elit id placerat. odio tortor dis;;;;;;;;;;2,02E+11
Grupa.1;1;2373;40;Agent.03;766136134;1;20210806;6;15:37:00;2173;36;462;6;CO;3;0;0;1;0;0;;0;0;CO;1;0;PL;;JA;;;32091722;;;898;101;;60;60;101;;;;;;;;;;110;;;;;;;;;;4;;;;;;;;;5;105;106;102;;;;;;;;107;104;103;105;;;;;;;1;4;1;1;4;5;3;5;4;4;;2;;;4;2;;;;;107;104;;10;8;9;5;1;9;8;7;3;3;1993;102;101;;99;100;CO;;;625680;;;;;;;;;;;;;;;;;;;;;;1;;euismod dapibus, tempus Class eleifend nec In himenaeos. eget eget sagittis ipsum vel, vulputate consectetur in leo sed eu e;;;;;;;;;;2,02E+11
Grupa.1;1;2375;51;Agent.07;886543605;1;20210803;3;15:22:00;3466;58;462;5;CO;1;0;0;1;0;0;;0;0;CO;1;0;PL;;JA;;;32091750;;;933;101;;115;115;103;110;;;;;;;;;104;102;101;106;;;;;;;3;3;2;4;;5;;;;3;104;110;101;108;103;106;;;;;102;109;104;108;106;;;;;;2;2;5;5;4;1;2;3;2;2;4;;3;3;;3;;3;;1;110;;;2;4;4;6;2;5;2;4;1;4;1949;102;105;;99;100;CO;;;485919;;;;;41356262;;;;;;;;;;;;;;;;;1;;luctus, sagittis. vel In et Phasellus est, orci. ipsum, Fusce lacinia vulputate quam tincidunt lorem. Praesent vitae element;;;;;;;;;;2,02E+11
Grupa.1;1;2386;51;Agent.09;311484453;1;20210805;5;10:03:00;1012;17;462;9;CO;9;0;0;1;0;0;;0;0;CO;1;0;PL;;LQ;;;32091773;;;735;101;;250;280;108;101;102;105;;;;;;;109;;;;;;;;;;5;2;;;4;;;1;4;;109;;;;;;;;;;103;110;102;108;;;;;;;1;4;5;1;5;2;1;2;2;4;;;;;;;;;1;;105;103;;4;99;2;1;99;9;7;8;3;6;1973;101;102;;99;100;CO;;;840284;;;;;881776735;;;;;;;;;;;;;;;;;2;;;;;;;;;;;;2,02E+11
Grupa.1;1;2391;45;Agent.10;796585943;1;20210730;6;12:46:00;1775;30;462;2;CO;2;0;0;1;0;0;;0;0;CO;1;0;PL;;LQ;;;32091815;;;253;101;;469;386;108;105;;;;;;;;;109;104;107;103;;;;;;;;;5;2;2;;5;4;1;;101;107;;;;;;;;;108;;;;;;;;;;3;3;4;3;1;2;3;5;4;2;3;;;;;;3;;;;108;106;;0;2;4;8;9;7;8;10;10;3;1988;103;105;;99;100;CO;;;475839;;;;;;;;;;;;;;;;;;;;;;1;;;;;;;;;;;;
Grupa.1;1;2403;53;Agent.13;12723154;1;20210803;3;15:17:00;1495;25;462;8;CO;1;0;0;1;0;0;;0;0;CO;1;0;PL;;JA;;;32091916;;;983;101;;60;80;109;;;;;;;;;;101;103;107;102;;;;;;;2;5;3;;;;4;;4;;106;108;110;105;;;;;;;103;108;104;106;101;;;;;;1;2;1;2;1;5;3;1;5;5;;;;;4;5;;3;;1;108;;;7;99;8;0;6;0;0;4;6;10;1945;101;102;;99;100;CO;;;361788;;;;;;673905804;;;;;;;;;;;;;;;;1;;;;;;;;;;;;2,02E+11
Grupa.1;1;2407;59;Agent.12;450937187;1;20210730;6;13:10:00;2318;39;462;1;CO;1;0;0;1;0;0;;0;0;CO;1;0;PL;;JA;;;32091956;;;750;101;;270;270;110;106;104;;;;;;;;107;101;;;;;;;;;1;;;5;;3;2;;;4;103;108;110;104;107;;;;;;102;101;103;;;;;;;;5;3;3;5;2;2;1;2;5;4;;;4;4;;;1;3;;5;106;105;;99;8;9;3;7;5;9;2;10;5;1979;103;102;;99;100;CO;;;984392;;;;;;;;;;;;;;;;;;;;;;1;;;;;;;;;;;;
Grupa.1;1;2418;55;Agent.12;869770286;1;20210805;5;13:55:00;1571;26;462;4;CO;3;0;0;1;0;0;;0;0;CO;1;0;PL;;JA;;;32092025;;;926;101;;10;30;104;107;;;;;;;;;101;108;;;;;;;;;5;;;1;;;4;2;;;109;110;106;105;;;;;;;103;110;108;109;106;;;;;;4;5;4;1;5;1;5;2;4;3;;;;;1;5;;;2;1;107;;;4;4;1;6;0;2;5;1;3;10;1995;103;101;;99;100;CO;;;989213;;;;;144151367;;;;;;;;;;;;;;;;;1;;;;;;;;;;;;2,02E+11
Grupa.1;1;2430;63;Agent.10;533522208;1;20210803;3;16:09:00;1193;20;462;3;CO;2;0;0;1;0;0;;0;0;CO;1;0;PL;;JA;;;32092132;;;123;101;;60;60;101;;;;;;;;;;103;110;;;;;;;;;3;;2;;;;;;;4;108;102;;;;;;;;;108;101;107;102;104;;;;;;5;3;4;2;5;3;3;3;3;5;;4;;;;;;4;;;105;;;1;6;7;8;7;2;4;7;10;3;1984;102;103;;99;100;CO;;;193347;;;;;;;;;;;;;;;;;;;;;;1;;;;;;;;;;;;2,02E+11
Grupa.1;1;2437;114;Agent.06;202177027;1;20210804;4;09:37:00;1550;26;462;4;CO;2;0;0;1;0;0;;0;0;CO;1;0;PL;;JA;;;32092179;;;27;101;;500;500;107;103;102;;;;;;;;108;101;;;;;;;;;2;1;5;;;;2;4;;;103;105;101;102;;;;;;;107;102;110;106;101;105;;;;;5;2;5;2;1;1;5;5;4;4;5;1;5;;5;;;;;;102;106;;3;3;99;9;8;2;7;6;9;8;1991;102;103;;99;100;CO;;;350832;;;;;;;;;;;;;;;;;;;;;;1;;non blandit Sed vestibulum Phasellus litora bibendum orci commodo turpis, suscipit Cras volutpat, volutpat, ad id Cras dictu;;;;;;;;;;2,02E+11
Grupa.1;1;2441;45;Agent.09;723588280;1;20210812;5;14:36:00;1737;29;462;12;CO;5;0;0;1;0;0;;0;0;CO;1;0;PL;;JA;;;32092225;;;942;101;;970;1300;110;;;;;;;;;;103;106;109;108;;;;;;;;;5;;;2;;4;5;1;106;109;110;;;;;;;;104;103;108;105;102;;;;;;5;5;3;1;1;4;2;3;2;3;;;;;;3;;;5;4;103;105;;0;1;5;8;4;3;3;9;6;10;1969;103;103;;99;100;CO;;;118597;;;;;251703529;;;;;;;;;;;;;;;;;1;;sed in. blandit montes, dis per Cras sed Cras ornare In in orci nostra, elit, sed gravida a Phasellus ex felis. sollicitudin;sed in. blandit montes, dis per Cras sed Cras ornare In in orci nostra, elit, sed gravida a Phasellus ex felis. sollic;sed in. blandit montes, dis per Cras sed Cras ornare In in orci nostra, elit, sed gravida a Phasellus ex felis. sollic;;;;;;;;2,02E+11
Grupa.1;1;2455;63;Agent.05;863884628;1;20210809;2;14:28:00;1268;21;462;5;CO;1;0;0;1;0;0;;0;0;CO;1;0;PL;;JA;;;32092252;;;138;101;;80;100;109;101;;;;;;;;;102;;;;;;;;;;3;5;;;;;;;2;;103;110;101;107;108;;;;;;104;101;102;108;107;109;;;;;4;3;2;4;2;3;2;3;4;1;3;;3;;;;3;5;;4;105;;;3;10;10;2;10;3;1;4;1;7;1979;101;101;;99;100;CO;;;871662;;;;;;;;;;;;;;;;;;;;;;1;;Pellentesque suscipit eget, dolor felis, litora nisi. et euismod et vestibulum sollicitudin enim vulputate eleifend commodo;Pellentesque suscipit eget, dolor felis, litora nisi. et euismod et vestibulum sollicitudin enim vulputate eleifend co;;;;;;;;;2,02E+11
Grupa.1;1;2466;59;Agent.07;144369765;1;20210803;3;15:23:00;1866;31;462;4;CO;1;0;0;1;0;0;;0;0;CO;1;0;PL;;JA;;;32092271;;;916;101;;750;750;107;;;;;;;;;;101;104;108;;;;;;;;2;;;3;;;4;3;;;104;110;103;107;109;106;;;;;106;109;;;;;;;;;4;4;2;5;2;4;5;5;3;4;;;4;5;;1;1;;1;1;101;105;106;5;0;1;5;4;2;10;5;3;6;1977;101;102;;99;100;CO;;;709859;;;;;;;;;;;;;;;;;;;;;;1;;amet, nisl sem consectetur lectus nibh et non in. id Etiam In erat ipsum felis. amet, commodo elit. sed nec sapien elit;amet, nisl sem consectetur lectus nibh et non in. id Etiam In erat ipsum felis. amet, commodo elit. sed nec sapien eli;;;;;;;;;2,02E+11
Grupa.1;1;2470;51;Agent.07;808341412;1;20210804;4;18:05:00;0;0;462;6;CO;4;0;0;1;0;0;;0;0;;1;0;PL;;LQ;;;32092275;;;365;101;;35;50;105;;;;;;;;;;107;104;108;;;;;;;;;;;2;4;;4;5;;;109;105;106;103;104;110;;;;;105;108;101;110;109;104;;;;;3;3;1;5;1;3;2;1;4;1;;;1;4;3;1;;;3;3;105;108;;10;2;10;99;4;7;1;6;5;2;1983;104;103;;99;100;CO;;;353456;;;;;;;;;;;;;;;;;;;;;;1;;orci. tortor aliquet in vitae luctus. In aptent id vel, in tellus vel Fusce massa. neque, id vestibulum nec orci gravida in;orci. tortor aliquet in vitae luctus. In aptent id vel, in tellus vel Fusce massa. neque, id vestibulum nec orci gravi;;;;;;;;;2,02E+11
Grupa.1;1;2484;47;Agent.10;170160752;1;20210802;2;10:58:00;1646;27;462;2;CO;1;0;0;1;0;0;;0;0;CO;1;0;PL;;JA;;;32092309;;;846;101;;95;88;103;105;109;110;101;;;;;;104;;;;;;;;;;4;;4;2;3;;;;4;2;107;106;102;105;;;;;;;107;;;;;;;;;;5;4;1;3;4;5;1;1;1;3;;5;;;5;5;3;;;;105;;;0;5;8;9;3;1;9;9;4;3;1963;103;103;;99;100;CO;;;787955;;;;;;;;;;;;;;;;;;;;;;1;;;;;;;;;;;;2,02E+11
Grupa.1;1;2489;114;Agent.15;69314655;1;20210731;7;13:06:00;1630;27;462;2;CO;1;0;0;1;0;0;;0;0;CO;1;0;PL;;JA;;;32092323;;;431;101;;44;80;109;101;;;;;;;;;102;106;108;107;110;;;;;;1;5;;;;5;1;2;3;1;104;;;;;;;;;;105;103;109;101;102;;;;;;5;4;1;1;3;5;4;3;4;4;;;;2;;;;;;;110;103;;10;2;10;4;3;6;4;6;2;10;1957;101;103;;99;100;CO;;;775633;;;;;338214585;;;;;;;;;;;;;;;;;1;;est. posuere. lectus, nostra, porta dis et condimentum. tortor;;;;;;;;;;2,02E+11
Grupa.1;1;2509;59;Agent.10;162441153;1;20210810;3;09:18:00;1348;22;462;5;CO;2;0;0;1;0;0;;0;0;CO;1;0;PL;;JA;;;32092360;;;7;101;;40;60;102;104;107;109;;;;;;;110;106;108;101;;;;;;;2;2;;4;;5;1;2;3;2;110;106;101;102;;;;;;;110;103;105;107;108;;;;;;5;4;5;3;2;3;2;5;3;1;5;4;;;;5;;;;5;107;105;;1;6;10;0;6;1;8;1;5;3;1978;103;104;;99;100;CO;;;527318;;;;;;;;;;;;;;;;;;;;;;1;;neque torquent et lectus, Donec;;;;;;;;;;2,02E+11
Grupa.1;1;2520;47;Agent.12;292559246;1;20210805;5;09:51:00;2002;33;462;8;CO;2;0;0;1;0;0;;0;0;CO;1;0;PL;;JA;;;32092368;;;238;101;;20;20;104;109;;;;;;;;;102;108;;;;;;;;;;1;;2;;;;1;2;;110;101;104;108;;;;;;;101;102;;;;;;;;;2;1;3;3;2;3;1;3;4;3;5;;;2;;;;2;;2;101;106;;0;8;7;4;2;1;10;4;7;4;1938;103;104;;99;100;CO;;;343001;;;;;181721885;;;;;;;;;;;;;;;;;1;;libero non dapibus nisi. sagittis. lacinia placerat. sit Cras natoque litora sed non vulputate velit sed suscipit platea vul;libero non dapibus nisi. sagittis. lacinia placerat. sit Cras natoque litora sed non vulputate velit sed suscipit plat;;;;;;;;;2,02E+11
Grupa.1;1;2523;47;Agent.15;151541426;1;20210730;6;16:19:00;2417;40;462;1;CO;1;0;0;1;0;0;;0;0;CO;1;0;PL;;JA;;;32092370;;;933;101;;153;173;104;;;;;;;;;;103;101;;;;;;;;;2;;2;3;;;;;;;110;;;;;;;;;;107;108;101;110;;;;;;;4;4;2;5;5;4;3;3;3;3;;;;;;;;;;3;109;;;4;6;1;99;2;2;7;1;3;6;1973;103;103;;99;100;CO;;;243375;;;;;;;;;;;;;;;;;;;;;;1;;;;;;;;;;;;
Grupa.1;1;2527;45;Agent.11;374514579;1;20210812;5;10:36:00;1345;22;462;16;CO;9;0;0;1;0;0;;0;0;CO;1;0;PL;;JA;;;32092376;;;974;101;;10;10;101;;;;;;;;;;108;105;109;104;107;106;;;;;1;;;4;3;2;3;3;1;;101;107;104;108;;;;;;;109;;;;;;;;;;5;2;5;5;1;1;2;5;3;1;5;;;1;;;1;2;;;101;;;6;9;9;0;8;8;3;7;9;5;1991;104;104;99;99;100;CO;;;356451;;;;;;;;;;;;;;;;;;;;;;1;;vitae sociosqu ante. ad dapibus, gravida ligula a parturient vitae parturient sem lacinia. pretium vitae dui. lorem. Donec l;vitae sociosqu ante. ad dapibus, gravida ligula a parturient vitae parturient sem lacinia. pretium vitae dui. lorem. D;;;;;;;;;2,02E+11
Grupa.1;1;2545;61;Agent.13;662694334;1;20210807;7;12:01:00;1383;23;462;5;CO;1;0;0;1;0;0;;0;0;CO;1;0;PL;;JA;;;32092411;;;688;101;;400;320;109;;;;;;;;;;102;104;110;;;;;;;;;5;;5;;;;;5;4;105;;;;;;;;;;107;110;;;;;;;;;5;2;1;2;1;3;2;4;3;2;;;;;4;;;;;;103;105;;1;2;1;4;0;10;8;5;2;2;1945;102;102;;99;100;CO;;;919863;;;;;377730077;;;;;;;;;;;;;;;;;1;;Cras metus, condimentum Fusce In viverra ut elit, id Fusce aptent nec eget sapien neque, egestas volutpat, blandit auctor qu;;;;;;;;;;2,02E+11
Grupa.1;1;2549;40;Agent.02;836441262;1;20210805;5;13:02:00;1680;28;462;4;CO;1;0;0;1;0;0;;0;0;CO;1;0;PL;;JA;;;32092416;;;329;101;;280;280;103;104;108;106;;;;;;;101;107;110;;;;;;;;5;;1;5;;4;3;5;;4;108;104;102;106;;;;;;;109;106;;;;;;;;;2;4;4;3;1;1;3;2;1;2;;3;;5;;4;;5;;;108;106;109;2;2;6;2;5;6;1;5;9;1;1937;104;101;;99;100;CO;;;953683;;;;;;;;;;;;;;;;;;;;;;1;;;;;;;;;;;;2,02E+11
Grupa.1;1;2563;47;Agent.12;642267246;1;20210804;4;12:04:00;1965;33;462;12;CO;1;0;0;1;0;0;;0;0;CO;1;0;PL;;JA;;;32092521;;;412;101;;60;70;104;;;;;;;;;;105;106;;;;;;;;;;;;3;2;1;;;;;104;107;;;;;;;;;107;;;;;;;;;;3;3;5;3;5;4;1;3;5;3;;;;2;;;3;;;;104;109;;1;8;3;5;0;9;9;8;3;2;1982;101;103;;99;100;CO;;;540785;;;;;;;;;;;;;;;;;;;;;;1;;;;;;;;;;;;2,02E+11
Grupa.1;1;2567;47;Agent.06;13235320;1;20210805;5;15:23:00;2313;39;462;6;CO;3;0;0;1;0;0;;0;0;CO;1;0;PL;;JA;;;32092526;;;655;101;;300;400;110;;;;;;;;;;101;108;105;103;;;;;;;3;;3;;3;;;2;;1;103;108;101;107;102;106;105;;;;104;105;108;;;;;;;;2;1;2;3;5;5;5;5;5;2;4;1;3;;1;1;2;2;;;106;108;103;7;3;8;10;99;3;5;10;9;10;1946;103;103;;99;100;CO;;;932075;;;;;313160855;;;;;;;;;;;;;;;;;1;;sapien In tortor penatibus vestibulum nec velit, hac Fusce;;;;;;;;;;2,02E+11
Grupa.1;1;2579;114;Agent.10;497555914;1;20210730;6;14:58:00;881;15;462;5;CO;3;0;0;1;0;0;;0;0;CO;1;0;PL;;LQ;;;32090222;;;87;101;;680;640;101;106;;;;;;;;;108;103;107;;;;;;;;2;;4;;;2;2;5;;;109;110;104;;;;;;;;103;105;101;104;;;;;;;3;2;2;1;3;1;4;5;5;1;;;;4;;;;;3;4;107;;;99;2;5;3;0;9;0;7;6;5;1971;104;105;;99;100;CO;;;376014;;;;;;;;;;;;;;;;;;;;;;1;;diam ipsum, semper Vivamus in aliquam. dis lectus, vehicula. Fusce Phasellus neque, Cras in lectus in sapien, elit. Fusce or;;;;;;;;;;2,02E+11
Grupa.1;1;2583;61;Agent.06;627829735;1;20210730;6;09:00:00;1478;25;462;3;CO;1;0;0;1;0;0;;0;0;CO;1;0;PL;;JA;;;32090254;;;163;101;;25;25;105;;;;;;;;;;109;107;106;103;;;;;;;;;4;;2;5;5;;4;;107;103;101;106;104;110;;;;;108;;;;;;;;;;3;1;3;2;4;5;5;4;5;5;5;;5;5;;2;1;;;4;107;108;;3;3;2;1;99;8;9;8;3;10;1980;102;103;;99;100;CO;;;696985;;;;;;;;;;;;;;;;;;;;;;1;;lectus Vivamus nascetur odio erat sociosqu dolor venenatis aptent Pellentesque Pellentesque ridiculus vulputate ut. in in mi;;;;;;;;;;2,02E+11
Grupa.1;1;2590;45;Agent.13;62777254;1;20210729;5;10:35:00;1910;32;461;1;CO;1;0;0;1;0;0;;0;0;CO;1;0;PL;;JA;;;32090284;;;680;101;;1 000,00;1000;109;;;;;;;;;;110;101;102;107;;;;;;;3;5;;;;;1;;2;5;109;101;107;103;106;104;;;;;106;108;104;105;;;;;;;1;1;2;3;2;5;3;1;4;4;4;;1;4;;3;3;;2;;109;105;107;9;99;0;8;5;4;5;9;9;5;1996;104;101;;99;100;CO;;;304777;;;;;;;;;;;;;;;;;;;;;;1;;;;;;;;;;;;
Grupa.1;1;2594;63;Agent.06;154573464;1;20210806;6;19:26:00;1714;29;462;5;CO;4;0;0;1;0;0;;0;0;CO;1;0;PL;;JA;;;32090286;;;26;101;;10;8,5;109;104;;;;;;;;;106;;;;;;;;;;;;;1;;4;;;5;;104;106;107;102;109;;;;;;105;106;108;102;;;;;;;2;3;3;5;5;3;5;2;4;2;;4;;5;;2;2;;5;;102;;;8;8;3;10;1;5;6;7;8;10;1973;104;104;;99;100;CO;;;779905;;;;;226676446;;;;;;;;;;;;;;;;;1;;auctor elit natoque neque libero maximus massa. in libero diam in adipiscing commodo quam quam. adipiscing elit. est. mi sus;;;;;;;;;;2,02E+11
Grupa.1;1;2598;51;Agent.11;647224818;1;20210729;5;14:57:00;1274;21;461;2;CO;1;0;0;1;0;0;;0;0;CO;1;0;PL;;JA;;;32090290;;;55;101;;71;71;106;103;107;105;108;110;;;;;104;;;;;;;;;;;;4;1;3;5;5;4;;1;106;101;108;110;102;105;;;;;106;108;;;;;;;;;2;4;3;1;3;1;5;3;1;2;5;2;;;1;5;;1;;3;104;103;110;3;7;0;5;0;10;6;6;4;10;1939;102;103;;99;100;CO;;;514197;;;;;821958511;;;;;;;;;;;;;;;;;1;;felis. neque interdum vestibulum dictum orci consequat vulputate, sed sollicitudin est. Sed id odio ipsum, commodo, maximus;felis. neque interdum vestibulum dictum orci consequat vulputate, sed sollicitudin est. Sed id odio ipsum, commodo, ma;felis. neque interdum vestibulum dictum orci consequat vulputate, sed sollicitudin est. Sed id odio ipsum, commodo, ma;;;;;;;;2,02E+11
Grupa.1;1;2609;53;Agent.13;141651086;1;20210806;6;17:11:00;1239;21;462;4;CO;4;0;0;1;0;0;;0;0;CO;1;0;PL;;JA;;;32090336;;;233;101;;800;800;103;102;105;101;;;;;;;106;109;104;;;;;;;;3;3;1;4;2;3;;;4;;107;110;109;;;;;;;;109;107;104;103;101;105;;;;;4;3;1;1;5;2;5;3;4;5;;;;;;;5;;5;5;110;;;10;0;10;1;0;7;0;6;4;2;1988;103;104;;99;100;CO;;;664888;;;;;;;;;;;;;;;;;;;;;;1;;sit odio nascetur Etiam elementum, aptent dapibus ex venenatis. metus maximus sit in ornare aliquam. dapibus enim Praesent f;sit odio nascetur Etiam elementum, aptent dapibus ex venenatis. metus maximus sit in ornare aliquam. dapibus enim Prae;sit odio nascetur Etiam elementum, aptent dapibus ex venenatis. metus maximus sit in ornare aliquam. dapibus enim Prae;;;;;;;;
Grupa.1;1;2613;47;Agent.02;72287895;1;20210729;5;10:46:00;1392;23;461;1;CO;1;0;0;1;0;0;;0;0;CO;1;0;PL;;JA;;;32090344;;;742;101;;35;35;103;105;104;101;;;;;;;102;110;;;;;;;;;4;5;2;5;3;;;;;1;102;108;101;103;104;110;109;;;;101;107;110;108;105;109;;;;;1;2;1;1;3;5;3;3;5;4;2;1;2;5;;;;5;5;2;105;;;6;1;2;9;4;3;4;1;9;10;1942;102;101;;99;100;CO;;;806011;;;;;248388234;;;;;;;;;;;;;;;;;1;;;;;;;;;;;;
Grupa.1;1;2615;59;Agent.12;76668965;1;20210729;5;10:47:00;3408;57;461;1;CO;1;0;0;1;0;0;;0;0;CO;1;0;PL;;JA;;;32090346;;;126;101;;200;200;105;107;;;;;;;;;109;110;102;;;;;;;;;4;;;1;;1;;4;1;107;101;106;103;109;;;;;;104;102;101;107;108;106;103;;;;5;5;2;4;3;4;1;2;2;2;4;;2;;;5;4;;3;;110;103;;6;5;6;5;8;8;5;8;9;8;1987;104;101;;99;100;CO;;;915403;;;;;;;;;;;;;;;;;;;;;;2;;;;;;;;;;;;
Grupa.1;1;2619;55;Agent.09;889126232;1;20210803;3;15:40:00;2083;35;462;6;CO;5;0;0;1;0;0;;0;0;CO;1;0;PL;;JA;;;32090348;;;444;101;;250;350;103;102;;;;;;;;;104;105;;;;;;;;;;2;4;5;2;;;;;;105;101;108;102;110;;;;;;101;103;108;105;102;;;;;;3;1;2;4;4;3;4;1;3;4;3;4;;;4;;;2;;2;106;110;107;0;6;8;3;3;3;1;6;3;8;1971;102;102;;99;100;CO;;;696026;;;;;761440991;;;;;;;;;;;;;;;;;1;;in amet, quis neque orci sapien. per diam lacinia platea adipiscing a tincidunt suscipit in est. dui Fusce laoreet Cras Lore;in amet, quis neque orci sapien. per diam lacinia platea adipiscing a tincidunt suscipit in est. dui Fusce laoreet Cra;in amet, quis neque orci sapien. per diam lacinia platea adipiscing a tincidunt suscipit in est. dui Fusce laoreet Cra;in amet, quis neque orci sapien. per diam lacinia platea adipiscing a tincidunt suscipit in est. dui Fusce laoreet;;;;;;;2,02E+11
Grupa.1;1;2620;61;Agent.03;266395513;1;20210729;5;14:21:00;2069;34;461;2;CO;1;0;0;1;0;0;;0;0;CO;1;0;PL;;JA;;;32090385;;;622;101;;110;160;104;103;106;;;;;;;;109;105;102;110;;;;;;;;3;2;1;1;2;;;1;2;103;108;101;104;109;102;;;;;110;104;109;;;;;;;;1;2;1;2;2;4;4;5;3;5;4;1;2;2;;;;4;3;;106;108;;8;2;7;3;0;5;2;5;5;1;1972;103;101;;99;100;CO;;;698877;;;;;752282501;979706522;;;;;;;;;;;;;;;;1;;;;;;;;;;;;2,02E+11
Grupa.1;1;2623;53;Agent.15;471559482;1;20210806;6;14:05:00;1967;33;462;7;CO;1;0;0;1;0;0;;0;0;CO;1;0;PL;;JA;;;32090389;;;694;101;;334;334;102;;;;;;;;;;101;107;106;103;105;;;;;;5;3;2;;4;1;3;;;;108;105;106;;;;;;;;103;108;107;101;102;;;;;;999;1;2;4;4;1;3;4;4;3;;;;;2;2;;4;;;108;101;;3;7;99;2;0;7;1;1;8;9;1976;101;101;;99;100;CO;;;539118;;;;;;;;;;;;;;;;;;;;;;1;;laoreet sapien, eget, platea non quam. lorem. ullamcorper litora Etiam eu. elementum Vivamus vitae et condimentum id erat a;;;;;;;;;;2,02E+11
Grupa.1;1;2625;40;Agent.10;514937021;1;20210803;3;17:33:00;1998;33;462;8;CO;2;0;0;1;0;0;;0;0;CO;1;0;PL;;JA;;;32090395;;;740;101;;450;450;102;103;;;;;;;;;105;109;107;108;;;;;;;;4;2;;5;;2;3;4;;107;103;101;110;104;;;;;;105;102;110;109;;;;;;;4;1;2;4;1;5;3;5;1;3;3;;2;3;;;4;;;3;101;;;1;1;2;7;7;0;7;4;7;3;1988;104;101;;99;100;CO;;;996009;;;;;373893572;;;;;;;;;;;;;;;;;1;;penatibus dictumst. per Vivamus faucibus Aliquam ligula placerat. erat sit Cras Cras odio porttitor sed consectetur lobortis;penatibus dictumst. per Vivamus faucibus Aliquam ligula placerat. erat sit Cras Cras odio porttitor sed consectetur lo;penatibus dictumst. per Vivamus faucibus Aliquam ligula placerat. erat sit Cras Cras odio porttitor sed consectetur lo;;;;;;;;2,02E+11
Grupa.1;1;2631;63;Agent.03;570663436;1;20210802;2;16:49:00;1729;29;462;8;CO;7;0;0;1;0;0;;0;0;CO;1;0;PL;;JA;;;32090407;;;694;101;;1 460,00;1460;109;102;;;;;;;;;106;104;105;;;;;;;;;1;;1;2;2;;;4;;110;108;109;103;;;;;;;108;107;109;106;105;104;;;;;2;3;1;2;4;3;5;3;3;3;;;2;;;;;3;2;1;106;;;2;9;6;10;4;10;8;9;7;4;1961;101;103;;99;100;CO;;;491730;;;;;642502488;504931149;680713834;;;;;;;;;;;;;;;1;;penatibus mattis odio sollicitudin bibendum venenatis elit enim Orci felis. vel erat placerat. Fusce elit montes, Vivamus pe;;;;;;;;;;2,02E+11
Grupa.1;1;2634;40;Agent.15;436226864;1;20210730;6;16:27:00;1983;33;462;2;CO;1;0;0;1;0;0;;0;0;CO;1;0;PL;;JA;;;32090410;;;412;101;;590;548;110;;;;;;;;;;109;102;105;104;101;;;;;;4;4;;4;3;;;;2;5;102;109;104;106;105;;;;;;108;110;109;107;102;105;106;;;;2;1;5;5;2;5;5;3;2;2;;5;;5;4;3;;;3;;103;;;4;5;3;7;8;10;4;7;7;2;1970;102;105;;99;100;CO;;;511206;;;;;;;;;;;;;;;;;;;;;;1;;lectus, tortor dapibus, felis. turpis, orci tellus et pretium euismod Donec sit vehicula. tempus consectetur. Praesent ut eg;;;;;;;;;;2,02E+11
Grupa.1;1;2642;40;Agent.10;382565534;1;20210810;3;16:35:00;1519;25;462;6;CO;5;0;0;1;0;0;;0;0;CO;1;0;PL;;JA;;;32090428;;;990;101;;70;80;106;;;;;;;;;;107;;;;;;;;;;;;;;;5;1;;;;110;107;108;109;103;104;;;;;104;101;102;110;107;103;;;;;1;4;4;2;2;2;3;5;5;4;;;1;4;;;2;5;2;1;104;;;2;4;8;3;99;1;4;3;8;3;1961;103;104;;99;100;CO;;;619327;;;;;262799622;;;;;;;;;;;;;;;;;1;;penatibus sed nibh, metus convallis Aenean vel tortor sodales Vivamus sit aptent ad tincidunt vel, in et condimentum Vivamus;penatibus sed nibh, metus convallis Aenean vel tortor sodales Vivamus sit aptent ad tincidunt vel, in et condimentum V;penatibus sed nibh, metus convallis Aenean vel tortor sodales Vivamus sit aptent ad tincidunt vel, in et condimentum V;;;;;;;;2,02E+11
Grupa.1;1;2643;63;Agent.15;900808273;1;20210804;4;16:36:00;1604;27;462;8;CO;1;0;0;1;0;0;;0;0;CO;1;0;PL;;JA;;;32090435;;;613;101;;300;350;110;109;;;;;;;;;108;;;;;;;;;;;;;;;;;5;3;3;106;105;103;109;108;107;101;110;;;106;;;;;;;;;;4;3;1;1;1;2;3;1;5;3;2;;3;;2;2;5;4;4;4;107;;;2;2;1;6;4;8;0;10;9;10;1992;104;101;;99;100;CO;;;399592;;;;;926114855;;;;;;;;;;;;;;;;;1;;per aliquet, mattis et non placerat. viverra in commodo turpis Fusce euismod vulputate libero vestibulum pretium consectetur;per aliquet, mattis et non placerat. viverra in commodo turpis Fusce euismod vulputate libero vestibulum pretium conse;;;;;;;;;2,02E+11
Grupa.1;1;2645;55;Agent.03;815581844;1;20210729;5;12:21:00;1139;19;461;2;CO;2;0;0;1;0;0;;0;0;CO;1;0;PL;;LQ;;;32090445;;;632;101;;120;150;110;103;;;;;;;;;107;105;106;;;;;;;;;;1;;3;4;2;;;4;109;104;103;110;;;;;;;107;101;109;110;;;;;;;5;3;3;2;4;5;4;1;3;5;;;3;2;;;;;4;3;101;;;0;6;8;1;5;10;10;10;5;5;1939;101;105;;99;100;CO;;;212143;;;;;316542874;;;;;;;;;;;;;;;;;1;;;;;;;;;;;;2,02E+11
Grupa.1;1;2651;53;Agent.11;299736315;1;20210804;4;11:44:00;372;6;462;7;CO;4;0;0;1;0;0;;0;0;CO;1;0;PL;;LQ;;;32090454;;;144;101;;250;280;107;;;;;;;;;;110;108;105;106;109;;;;;;;;;;3;2;2;1;3;1;102;103;106;101;107;105;108;;;;105;104;107;106;103;110;;;;;3;2;3;2;2;1;1;4;4;4;2;1;4;;2;5;5;4;;;108;103;104;9;2;10;8;1;0;0;6;10;9;1956;104;105;;99;100;CO;;;562696;;;;;;;;;;;;;;;;;;;;;;1;;sed eu libero sapien mi aliquet ornare Praesent nibh, per porttitor erat nec inceptos nascetur Suspendisse Fusce Class Proin;sed eu libero sapien mi aliquet ornare Praesent nibh, per porttitor erat nec inceptos nascetur Suspendisse Fusce Class;;;;;;;;;2,02E+11
Grupa.1;1;2664;45;Agent.09;668385140;1;20210729;5;14:25:00;804;13;461;4;CO;3;0;0;1;0;0;;0;0;CO;1;0;PL;;LQ;;;32090468;;;579;101;;110;110;109;101;110;;;;;;;;102;103;;;;;;;;;1;3;2;;;;;;4;4;110;108;105;103;109;107;;;;;107;101;103;102;;;;;;;5;3;3;3;5;5;3;2;4;2;;;5;;2;;5;5;5;5;104;105;;2;3;3;1;9;3;9;9;5;5;1948;103;105;;99;100;CO;;;670948;;;;;;;;;;;;;;;;;;;;;;1;;;;;;;;;;;;2,02E+11
Grupa.1;1;2670;51;Agent.03;383567648;1;20210730;6;17:28:00;2012;34;462;3;CO;1;0;0;1;0;0;;0;0;CO;1;0;PL;;JA;;;32090474;;;632;101;;100;100;110;;;;;;;;;;111;;;;;;;;;;;;;;;;;;;5;101;110;105;103;107;;;;;;105;101;104;103;109;107;;;;;5;4;1;1;3;2;2;2;5;4;1;;3;;2;;5;;;3;106;;;99;6;1;6;8;9;6;5;10;7;1966;104;102;;99;100;CO;;;904730;;;;;707448548;;;;;;;;;;;;;;;;;1;;egestas non Praesent sem amet tincidunt placerat. pretium varius aliquet, interdum mus. mattis a quam felis. quam Class vel,;;;;;;;;;;2,02E+11
Grupa.1;1;2674;114;Agent.15;685336831;1;20210730;6;10:33:00;1635;27;462;2;CO;2;0;0;1;0;0;;0;0;CO;1;0;PL;;JA;;;32090481;;;895;101;;1 700,00;1700;101;103;;;;;;;;;102;104;;;;;;;;;4;1;3;2;;;;;;;106;110;;;;;;;;;110;109;106;102;101;105;107;;;;5;5;2;5;3;4;3;4;5;5;;;;;;1;;;;4;110;109;103;10;5;1;2;99;7;4;7;2;5;1978;101;103;;99;100;CO;;;484846;;;;;;;;;;;;;;;;;;;;;;1;;vel dis dictum velit maximus luctus. facilisis cursus dolor est. felis, nec et Fusce malesuada Mauris erat vel, a elit. port;vel dis dictum velit maximus luctus. facilisis cursus dolor est. felis, nec et Fusce malesuada Mauris erat;;;;;;;;;
Grupa.1;1;2688;61;Agent.06;834590144;1;20210803;3;16:13:00;1578;26;462;17;CO;10;0;0;1;0;0;;0;0;CO;1;0;PL;;JA;;;32090506;;;792;101;;100;89;102;107;108;;;;;;;;103;105;;;;;;;;;;2;5;;2;;3;5;;;101;108;106;107;109;105;;;;;106;103;107;110;109;;;;;;3;5;1;1;4;2;3;5;5;4;1;;;;1;3;1;2;4;;104;102;101;4;4;99;3;3;6;4;3;2;10;1984;104;105;;99;100;CO;;;849998;;;;;;;;;;;;;;;;;;;;;;1;;;;;;;;;;;;2,02E+11
Grupa.1;1;2691;53;Agent.11;271217641;1;20210802;2;15:12:00;1711;29;462;3;CO;1;0;0;1;0;0;;0;0;CO;1;0;PL;;JA;;;32090515;;;658;101;;40;40;110;102;;;;;;;;;106;103;104;;;;;;;;;2;1;1;;1;;;;1;104;103;108;106;102;101;105;107;;;107;101;103;109;106;105;104;;;;4;2;1;3;1;5;5;1;5;5;4;5;3;4;3;2;5;5;;;108;109;;9;5;4;10;4;7;6;5;1;10;1936;101;104;;99;100;CO;;;387471;;;;;;;;;;;;;;;;;;;;;;1;;justo sed ex sed euismod nec In volutpat, et In non vulputate, ipsum odio dis lorem. sit ac lectus, nibh a ut. eu a justo Fu;;;;;;;;;;2,02E+11
Grupa.1;1;2695;63;Agent.15;456587056;1;20210802;2;10:16:00;1622;27;462;2;CO;1;0;0;1;0;0;;0;0;CO;1;0;PL;;JA;;;32090525;;;317;101;;150;141;103;104;107;105;;;;;;;109;102;110;;;;;;;;;1;5;3;3;;2;;3;1;109;102;;;;;;;;;106;104;103;105;109;;;;;;5;5;2;1;4;2;5;5;1;4;;4;;;;;;;2;;105;110;;9;9;2;9;4;10;8;5;2;10;1936;102;105;;99;100;CO;;;580076;;;;;558921447;;;;;;;;;;;;;;;;;1;;;;;;;;;;;;2,02E+11
Grupa.1;1;2703;47;Agent.06;753307742;1;20210804;4;14:22:00;1377;23;462;6;CO;1;0;0;1;0;0;;0;0;CO;1;0;PL;;JA;;;32090542;;;564;101;;800;1000;101;106;110;;;;;;;;104;103;109;;;;;;;;1;;4;4;;4;;;2;5;108;109;105;106;103;;;;;;104;106;109;101;108;105;;;;;4;4;5;3;4;5;1;5;4;3;;;1;;1;5;;5;3;;106;102;;4;1;99;5;4;10;4;9;5;6;1985;102;105;;99;100;CO;;;842375;;;;;;;;;;;;;;;;;;;;;;1;;eget in luctus, leo Vivamus aptent et orci metus vulputate consectetur. sodales at consectetur Lorem himenaeos. leo massa. i;;;;;;;;;;2,02E+11
Grupa.1;1;2707;61;Agent.10;731004338;1;20210729;5;11:57:00;1187;20;461;1;CO;1;0;0;1;0;0;;0;0;CO;1;0;PL;;JA;;;32090559;;;895;101;;260;520;109;104;106;;;;;;;;101;102;103;;;;;;;;1;2;3;5;;4;;;5;;102;103;101;110;;;;;;;110;108;;;;;;;;;3;5;5;5;1;1;1;5;3;4;5;2;4;;;;;;;1;108;103;;2;2;9;99;0;5;0;1;7;7;1953;104;103;;99;100;CO;;;316904;;;;;;;;;;;;;;;;;;;;;;1;;;;;;;;;;;;
Grupa.1;1;2727;53;Agent.09;236823518;1;20210730;6;10:11:00;1855;31;462;2;CO;2;0;0;1;0;0;;0;0;CO;1;0;PL;;JA;;;32090650;;;783;101;;1 200,00;1200;107;105;;;;;;;;;104;;;;;;;;;;;;;4;3;;5;;;;104;105;106;110;109;;;;;;106;103;110;;;;;;;;5;2;4;4;3;1;4;1;2;4;;;;4;4;3;;;5;1;106;;;9;1;7;5;4;8;0;7;3;8;1972;103;103;;99;100;CO;;;169519;;;;;279564525;;;;;;;;;;;;;;;;;1;;;;;;;;;;;;
Grupa.1;1;2731;57;Agent.06;496162179;1;20210730;6;13:12:00;1386;23;462;5;CO;4;0;0;1;0;0;;0;0;CO;1;0;PL;;LQ;;;32090653;;;246;101;;50;50;107;;;;;;;;;;106;102;;;;;;;;;;2;;;;3;4;;;;109;110;104;107;;;;;;;104;108;101;106;105;107;;;;;4;5;2;5;2;3;4;4;1;2;;;;5;;;5;;1;3;104;;;3;7;5;3;2;9;5;9;4;2;1974;102;104;;99;100;CO;;;809902;;;;;;;;;;;;;;;;;;;;;;1;;ipsum, vitae molestie id In quam quam luctus, lacinia. ullamcorper efficitur, parturient quam viverra euismod egestas sit to;;;;;;;;;;2,02E+11
Grupa.1;1;2742;114;Agent.07;625825306;1;20210805;5;16:24:00;1777;30;462;7;CO;5;0;0;1;0;0;;0;0;CO;1;0;PL;;JA;;;32090684;;;195;101;;200;200;105;110;;;;;;;;;106;108;101;;;;;;;;2;;;;2;4;;4;;2;103;;;;;;;;;;105;;;;;;;;;;5;2;4;1;5;5;5;4;4;5;;;1;;;;;;;;104;105;;9;99;8;0;9;9;10;10;10;3;1958;103;104;;99;100;CO;;;222494;;;;;182426146;;;;;;;;;;;;;;;;;1;;est. sapien et tincidunt in quis Fusce ullamcorper amet venenatis. in. ullamcorper dolor laoreet facilisis;;;;;;;;;;2,02E+11
Grupa.1;1;2744;55;Agent.11;571102753;1;20210730;6;12:47:00;1428;24;462;4;CO;3;0;0;1;0;0;;0;0;CO;1;0;PL;;LQ;;;32090697;;;808;101;;152;152;107;;;;;;;;;;105;106;102;109;;;;;;;;1;;;1;3;1;;4;;105;102;103;101;109;106;;;;;103;102;104;101;106;;;;;;4;2;3;2;2;1;5;2;5;5;1;5;5;;5;5;;;2;;108;;;8;3;99;7;1;4;5;2;4;4;1983;102;101;;99;100;CO;;;338518;;;;;;;;;;;;;;;;;;;;;;1;;lobortis. volutpat, a id dui. nisl amet, parturient tincidunt placerat. sem quam scelerisque. Suspendisse mattis diam sollic;;;;;;;;;;2,02E+11
Grupa.1;1;2748;45;Agent.12;734803984;1;20210805;5;15:54:00;1712;29;462;15;CO;7;0;0;1;0;0;;0;0;CO;1;0;PL;;LQ;;;32090700;;;506;101;;180;180;107;110;;;;;;;;;105;102;109;104;;;;;;;;3;;1;3;;4;;4;1;108;102;109;;;;;;;;102;101;;;;;;;;;3;4;1;5;2;1;5;5;3;5;;4;;;;;;3;3;;101;;;9;8;5;1;5;5;6;3;9;5;1953;101;104;;99;100;CO;;;452020;;;;;245766345;;;;;;;;;;;;;;;;;1;;dui Vivamus Phasellus malesuada diam ipsum, Suspendisse quam nulla consectetur facilisis blandit Cras in malesuada facilisis;;;;;;;;;;2,02E+11
Grupa.1;1;2754;63;Agent.11;874465209;1;20210809;2;14:04:00;1211;20;462;10;CO;2;0;0;1;0;0;;0;0;CO;1;0;PL;;JA;;;32090760;;;347;101;;125;250;110;;;;;;;;;;109;106;101;;;;;;;;3;;;;;5;;;1;4;107;110;105;108;109;102;;;;;104;108;102;;;;;;;;1;1;2;5;3;5;2;5;2;5;;4;;;2;;3;3;5;5;109;;;10;4;4;0;10;7;0;3;2;10;1967;102;105;;99;100;CO;;;654215;;;;;;500548913;;;;;;;;;;;;;;;;1;;;;;;;;;;;;2,02E+11
Grupa.1;1;2757;59;Agent.05;832750625;1;20210730;6;08:01:00;3536;59;462;2;CO;1;0;0;1;0;0;;0;0;CO;1;0;PL;;JA;;;32090767;;;357;101;;45;45;101;;;;;;;;;;109;102;105;110;106;108;104;;;;3;1;;2;3;1;;1;3;4;103;101;105;;;;;;;;106;;;;;;;;;;3;5;5;2;2;2;5;4;4;2;1;;5;;2;;;;;;106;101;;99;9;6;99;9;8;1;6;2;6;1943;104;103;;99;100;CO;;;837502;;;;;657726768;;;;;;;;;;;;;;;;;1;;;;;;;;;;;;2,02E+11
Grupa.1;1;2766;55;Agent.02;986172431;1;20210730;6;13:43:00;573;10;462;4;CO;3;0;0;1;0;0;;0;0;CO;1;0;PL;;LQ;;;32090797;;;866;101;;38;90;106;104;107;;;;;;;;110;109;101;;;;;;;;4;;;3;;3;1;;4;5;108;104;109;;;;;;;;104;103;109;105;110;108;;;;;2;5;5;1;5;1;3;4;1;1;;;;1;;;;3;2;;103;102;110;9;99;1;7;2;3;3;10;2;10;1961;102;101;;99;100;CO;;;115301;;;;;;;;;;;;;;;;;;;;;;1;;amet, aliquet, auctor sed Curabitur eu vestibulum vehicula. erat fringilla natoque nisi. aliquam. ex sagittis mus. adipiscin;;;;;;;;;;2,02E+11
Grupa.1;1;2775;47;Agent.02;888931339;1;20210802;2;11:31:00;1674;28;462;3;CO;2;0;0;1;0;0;;0;0;CO;1;0;PL;;JA;;;32090826;;;544;101;;1 400,00;1400;107;103;102;101;;;;;;;110;106;;;;;;;;;4;1;3;;;5;4;;;3;102;101;109;;;;;;;;105;110;102;106;107;;;;;;1;1;3;3;2;1;2;5;3;5;4;1;;;;;;;3;;102;107;105;3;1;6;3;4;7;7;10;1;6;1992;101;105;;99;100;CO;;;971368;;;;;807474365;;;;;;;;;;;;;;;;;1;;;;;;;;;;;;2,02E+11
Grupa.1;1;2780;114;Agent.12;517744433;1;20210804;4;14:28:00;1617;27;462;9;CO;8;0;0;1;0;0;;0;0;CO;1;0;PL;;JA;;;32090843;;;863;101;;700;800;101;102;;;;;;;;;103;109;105;104;106;;;;;;4;2;5;2;3;1;;;3;;103;;;;;;;;;;101;108;104;110;;;;;;;5;2;3;2;1;1;1;1;2;4;;;3;;;;;;;;104;106;;1;6;2;6;0;3;8;9;9;8;1941;102;101;;99;100;CO;;;732373;;;;;234312324;;;;;;;;;;;;;;;;;1;;venenatis. Cras elit. vel lacinia felis, at penatibus orci id Etiam bibendum condimentum et scelerisque Praesent nostra, in;venenatis. Cras elit. vel lacinia felis, at penatibus orci id Etiam bibendum condimentum et scelerisque Praesent nostr;;;;;;;;;2,02E+11
Grupa.1;1;2786;51;Agent.09;445486632;1;20210802;2;14:47:00;1558;26;462;4;CO;3;0;0;1;0;0;;0;0;CO;1;0;PL;;JA;;;32090866;;;495;101;;20;10;108;104;103;;;;;;;;102;107;105;;;;;;;;;2;4;1;4;;5;3;;;101;109;106;108;105;103;;;;;101;104;110;107;103;;;;;;5;3;3;3;3;2;4;2;5;3;4;;3;;4;1;;3;5;;103;;;6;1;3;7;8;7;0;10;9;4;1944;103;101;;99;100;CO;;;467115;;;;;;;;;;;;;;;;;;;;;;1;;est. lobortis montes, tortor consectetur nisi. sit consectetur ad sed sociosqu Fusce luctus. in amet, elit. Proin Phasellus;est. lobortis montes, tortor consectetur nisi. sit consectetur ad sed sociosqu Fusce luctus. in amet, elit. Proin Phas;;;;;;;;;2,02E+11
Grupa.1;1;2798;61;Agent.10;454596732;1;20210802;2;15:19:00;1607;27;462;4;CO;3;0;0;1;0;0;;0;0;CO;1;0;PL;;JA;;;32090899;;;174;101;;50;50;101;;;;;;;;;;102;103;;;;;;;;;5;4;1;;;;;;;;110;107;105;102;;;;;;;110;;;;;;;;;;5;4;5;2;1;3;1;2;1;5;;1;;;3;;5;;;1;200;;;4;5;5;6;4;5;7;7;5;5;1957;103;104;;99;100;CO;;;293990;;;;;;;;;;;;;;;;;;;;;;1;;ex egestas mus. elit, malesuada quam. condimentum sapien Donec erat sodales venenatis a velit condimentum Donec laoreet diam;;;;;;;;;;2,02E+11
Grupa.1;1;2801;47;Agent.15;534425052;1;20210803;3;10:53:00;561;9;462;6;CO;4;0;0;1;0;0;;0;0;CO;1;0;PL;;LQ;;;32090904;;;957;101;;618;580;109;;;;;;;;;;108;104;102;;;;;;;;;3;;3;;;;1;5;;109;105;107;102;106;104;101;;;;102;110;101;;;;;;;;4;2;4;1;2;2;1;4;1;3;1;5;;4;5;3;1;;5;;109;101;;1;9;6;7;1;7;4;8;4;10;1997;103;102;;99;100;CO;;;103716;;;;;844334164;;;;;;;;;;;;;;;;;1;;;;;;;;;;;;2,02E+11
Grupa.1;1;2809;59;Agent.10;100679868;1;20210802;2;17:05:00;1494;25;462;3;CO;1;0;0;1;0;0;;0;0;CO;1;0;PL;;JA;;;32090935;;;893;101;;500;500;107;105;;;;;;;;;102;108;110;;;;;;;;;1;;;3;;3;3;;1;110;103;101;108;;;;;;;104;;;;;;;;;;4;3;999;5;3;3;4;5;2;5;4;;1;;;;;2;;5;106;;;7;10;6;4;10;6;2;8;4;6;1989;102;105;;99;100;CO;;;819581;;;;;;;;;;;;;;;;;;;;;;1;;felis. ad luctus. aptent Cras lorem. placerat. Vivamus a aptent condimentum. pretium orci gravida consequat sociosqu amet pr;felis. ad luctus. aptent Cras lorem. placerat. Vivamus a aptent condimentum. pretium orci gravida consequat sociosqu a;;;;;;;;;2,02E+11
Grupa.1;1;2813;55;Agent.09;928542694;1;20210729;5;14:06:00;2461;41;461;1;CO;1;0;0;1;0;0;;0;0;CO;1;0;PL;;JA;;;32090979;;;218;101;;800;800;104;102;110;107;;;;;;;109;;;;;;;;;;;5;;3;;;5;;3;4;104;;;;;;;;;;104;103;106;;;;;;;;2;1;5;5;4;4;4;3;5;4;;;;2;;;;;;;103;108;;2;7;0;2;3;8;3;7;5;8;1988;102;102;;99;100;CO;;;157111;;;;;;;;;;;;;;;;;;;;;;1;;;;;;;;;;;;
Grupa.1;1;2817;63;Agent.13;414622767;1;20210802;2;14:13:00;2200;37;462;6;CO;2;0;0;1;0;0;;0;0;CO;1;0;PL;;JA;;;32091048;;;351;101;;253;220;107;109;103;110;108;;;;;;101;104;106;;;;;;;;5;;4;2;;4;3;2;4;3;110;105;;;;;;;;;110;104;102;103;107;106;105;;;;5;3;4;3;1;3;3;2;1;1;;;;;1;;;;;4;102;;;8;7;9;1;9;7;6;10;5;2;1995;103;103;;99;100;CO;;;767985;;;;;433594404;;;;;;;;;;;;;;;;;1;;;;;;;;;;;;2,02E+11
Grupa.1;1;2822;114;Agent.03;854334298;1;20210803;3;18:53:00;10;0;462;7;CO;3;0;0;1;0;0;;0;0;CO;1;0;PL;;LQ;;;32091077;;;217;101;;170;260;103;102;;;;;;;;;107;101;108;109;105;;;;;;2;4;1;;1;;3;4;2;;110;101;105;104;108;109;106;;;;107;104;102;105;106;108;;;;;2;4;1;4;1;5;4;3;1;4;5;;;3;2;2;;4;5;5;107;110;;3;2;1;5;1;1;7;4;8;5;1967;103;104;;99;100;CO;;;584597;;;;;;;;;;;;;;;;;;;;;;1;;non Cras lorem. diam elit lacinia nisi. tempus dui ultrices, Phasellus elit. tincidunt maximus ad sed varius in sed taciti e;;;;;;;;;;2,02E+11
Grupa.1;1;2837;51;Agent.07;752794142;1;20210729;5;14:17:00;3365;56;461;1;CO;1;0;0;1;0;0;;0;0;CO;1;0;PL;;JA;;;32091126;;;954;101;;100;100;105;;;;;;;;;;102;;;;;;;;;;;5;;;1;;;;;;104;102;107;;;;;;;;103;;;;;;;;;;3;3;3;1;3;3;4;2;3;3;;5;;3;;;2;;;;101;106;108;99;99;6;7;5;7;6;9;2;4;1966;103;101;;99;100;CO;;;926594;;;;;;;;;;;;;;;;;;;;;;1;;;;;;;;;;;;
Grupa.1;1;2862;57;Agent.02;924074570;1;20210809;2;11:07:00;2008;33;462;7;CO;2;0;0;1;0;0;;0;0;CO;1;0;PL;;JA;;;32091245;;;200;101;;10;30;110;;;;;;;;;;109;108;107;;;;;;;;;;;;;;1;1;3;4;103;106;104;;;;;;;;101;108;107;;;;;;;;2;2;3;5;5;3;5;4;3;3;;;5;4;;2;;;;;103;105;109;8;1;10;6;5;6;10;10;8;2;1992;104;101;;99;100;CO;;;539998;;;;;835687915;;;;;;;;;;;;;;;;;1;;amet adipiscing eu lorem. per natoque auctor mattis habitasse a lobortis libero velit, erat Fusce tincidunt blandit mattis e;amet adipiscing eu lorem. per natoque auctor mattis habitasse a lobortis libero velit, erat Fusce tincidunt blandit ma;;;;;;;;;2,02E+11
Grupa.1;1;2865;53;Agent.10;487512058;1;20210729;5;14:32:00;1834;31;461;1;CO;1;0;0;1;0;0;;0;0;CO;1;0;PL;;JA;;;32091251;;;261;101;;70;70;103;107;;;;;;;;;102;108;109;106;101;;;;;;2;3;3;;;3;5;4;1;;107;103;105;108;109;102;;;;;101;108;105;109;;;;;;;4;3;3;3;4;3;3;1;1;3;;2;1;;5;;5;3;2;;102;109;103;7;99;3;3;5;7;6;1;10;9;1965;104;104;;99;100;CO;;;817831;;;;;724474176;;;;;;;;;;;;;;;;;1;;;;;;;;;;;;
Grupa.1;1;2880;63;Agent.11;736427617;1;20210802;2;11:02:00;1715;29;462;4;CO;1;0;0;1;0;0;;0;0;CO;1;0;PL;;JA;;;32091312;;;871;101;;60;90;101;110;109;104;108;106;;;;;102;105;103;107;;;;;;;1;3;5;1;4;3;4;2;5;5;109;107;101;106;103;;;;;;109;;;;;;;;;;1;5;1;1;1;4;5;1;4;4;2;;3;;;3;2;;2;;110;109;;1;2;9;2;10;5;5;7;9;7;1997;101;101;;99;100;CO;;;295463;;;;;;;;;;;;;;;;;;;;;;1;;In libero elit orci in condimentum adipiscing mattis nec a pretium interdum In condimentum. penatibus velit, euismod Fusce p;;;;;;;;;;2,02E+11
Grupa.1;1;2886;57;Agent.05;897651216;1;20210730;6;09:30:00;1903;32;462;2;CO;2;0;0;1;0;0;;0;0;CO;1;0;PL;;JA;;;32091326;;;807;101;;320;460;108;101;;;;;;;;;106;102;;;;;;;;;2;3;;;;3;;2;;;106;107;104;;;;;;;;103;107;105;110;106;109;;;;;5;5;2;3;1;4;2;3;5;3;;;;4;;2;1;;;;106;107;101;6;9;4;3;2;3;4;3;7;3;1988;102;102;;99;100;CO;;;738221;;;;;842235965;;;;;;;;;;;;;;;;;1;;ornare leo. turpis vehicula. lobortis. ipsum, in vel sociosqu tellus eu. adipiscing adipiscing adipiscing non Fusce velit, i;;;;;;;;;;
